Question Text (English),Option A,Option B,Option C,Option D,,Explanation (English),DOPD Operation Weight (%),DOPD Discipline Weight (%),DOPD Professionalism Weight (%),Malay Question Text,Malay Option A,Malay Option B,Malay Option C,Malay Option D,Malay Explanation,Batch
"While driving at the posted speed, you see motorcycles filtering between lanes and uneven braking ahead.",Maintain speed and brake if traffic slows suddenly,Reduce speed early and increase following distance,Change lanes to avoid slower traffic ahead,Maintain speed and focus on the vehicle ahead,B,Reduce speed early to create time and space for sudden road changes.,0.75,0.25,,Anda memandu pada kelajuan dibenarkan. Motosikal bergerak di antara lorong dan brek tidak sekata berlaku di hadapan.,Kekalkan kelajuan dan brek jika trafik perlahan secara tiba-tiba,Kurangkan kelajuan lebih awal dan tambah jarak kenderaan,Tukar lorong untuk mengelakkan trafik perlahan,Kekalkan kelajuan dan fokus pada kenderaan di hadapan,Kurangkan kelajuan lebih awal untuk memberi masa dan ruang apabila keadaan jalan berubah.,1
You merge from a slip road onto a busy highway. Vehicles ahead brake unevenly and motorcycles pass between lanes.,Wait for a clearly safe gap before merging,Merge and adjust speed once on the highway,Use the gap quickly before traffic closes,Move forward to signal intent and merge when traffic slows,A,Choose a safe gap to avoid sudden braking and conflict during merging.,1,,,Anda memasuki lebuh raya dari laluan masuk. Kenderaan di hadapan membrek tidak sekata dan motosikal bergerak di antara lorong.,Tunggu jarak/ruang yang benar-benar selamat sebelum masuk,Masuk dahulu dan ubah kelajuan di lebuh raya,Gunakan ruang dengan cepat sebelum trafik menjadi padat/sesak,Bergerak ke hadapan untuk beri isyarat niat dan masuk apabila trafik perlahan,Pilih jarak yang selamat untuk mengelakkan brek mengejut dan konflik semasa masuk ke lebuh raya.,1
"You need to reverse into a marked bay inside a site. Space is tight, visibility is limited, and vehicles move nearby.",Stop and reverse only when visibility and clearance are confirmed,Reverse slowly while checking mirrors and adjusting position,Continue reversing to avoid delaying vehicles behind,Reverse carefully and rely on others to keep clear,A,Confirm visibility and clearance before reversing in confined areas.,0.75,0.25,,"Anda perlu mengundur ke petak bertanda di dalam tapak. Ruang sempit, pandangan terhad, dan kenderaan bergerak berhampiran.",Berhenti dan undur hanya apabila pandangan dan ruang selamat dipastikan,Undur perlahan sambil periksa cermin dan sesuaikan kedudukan,Terus undur untuk elakkan melambatkan kenderaan di belakang,Undur dengan berhati-hati dan harap orang lain menjauh,Pastikan pandangan dan ruang selamat sebelum mengundur di kawasan sempit.,1
You approach a terminal gate where vehicles queue across multiple lanes.,Remain in the assigned lane and follow the gate process,Shift to a faster lane when another vehicle is processed,Move forward gradually as space opens ahead,Follow the vehicle ahead through the gate,A,Remain in your lane and follow gate instructions to keep entry orderly.,0.75,0.25,,Anda menghampiri pintu masuk terminal. Kenderaan beratur di beberapa lorong.,Kekal di lorong yang ditetapkan dan ikut proses di pintu masuk,Tukar ke lorong lebih laju apabila kenderaan lain sedang diproses,Bergerak ke hadapan secara beransur-ansur apabila ruang terbuka,Ikut kenderaan di hadapan melalui pintu masuk,Kekalkan lorong dan patuhi arahan pintu masuk untuk memastikan kemasukan teratur.,1
"Inside a site yard, a marshal instructs you to hold while vehicles reposition nearby.",Hold position and continue checking mirrors and blind spots,Signal and edge forward slightly to prepare to move,Adjust position gradually while watching the marshal,Follow nearby vehicles once they begin moving,A,Follow marshal instructions while maintaining situational awareness.,0.5,0.5,,"Di kawasan tapak, seorang marshal mengarahkan anda supaya berhenti sementara kenderaan berhampiran sedang mengubah kedudukan.",Kekal berhenti dan terus periksa cermin serta titik buta,Beri isyarat dan bergerak sedikit ke hadapan sebagai persediaan bergerak,Sesuaikan kedudukan secara beransur sambil memerhati marshal,Ikut pergerakan kenderaan berhampiran apabila ia mula bergerak,Patuhi arahan marshal sambil kekalkan kesedaran persekitaran.,1
You queue to mount a container onto your trailer. The vehicle ahead is still aligning and the area is congested.,Maintain spacing and wait until the mounting area is clear,Move closer to prepare once the vehicle ahead finishes,Close the gap slowly to reduce waiting time,Follow ground staff signals to approach closely,A,Maintain spacing during container mounting operations.,,0.5,0.5,Anda beratur untuk loading/offloading kontena ke atas treler. Kenderaan di hadapan masih melaras kedudukan dan kawasan sesak.,Kekalkan jarak dan tunggu sehingga kawasan loading/offloading kosong,Bergerak lebih dekat untuk bersedia apabila kenderaan di hadapan selesai,Rapatkan jarak perlahan untuk kurangkan masa menunggu,Ikut isyarat pekerja tapak untuk menghampiri sedekat mungkin,Kekalkan jarak semasa operasi loading/offloading kontena.,1
You approach a terminal gate where entry requires credential verification. One credential is no longer valid.,Stop the entry process and report the issue,Proceed with entry and resolve the issue inside,Wait to see if the gate allows access,Continue toward the gate since the trip is scheduled,A,Valid credentials are required before terminal entry.,0.25,0.75,,Anda menghampiri pintu masuk terminal yang memerlukan pengesahan pas akses. Satu akses tidak lagi sah.,Hentikan proses masuk dan laporkan masalah tersebut,Teruskan masuk dan selesaikan isu di dalam terminal,Tunggu untuk melihat sama ada pintu membenarkan masuk,Terus menuju ke pintu masuk kerana perjalanan telah dijadualkan,Dokumen akses yang sah diperlukan sebelum memasuki terminal.,1
"At a checkpoint, you are asked to present documents and notice the delivery time was recorded inaccurately.",Present the document and clarify the timing if asked,Hand over the document without mentioning the timing,Explain verbally that the details are correct,Ask for time to update the document before presenting it,A,Accurate documents and cooperation support smooth inspections.,0.25,0.75,,"Di tempat pemeriksaan, anda diminta menunjukkan dokumen dan menyedari masa penghantaran direkod tidak tepat.",Serahkan dokumen dan jelaskan masa jika ditanya,Serahkan dokumen tanpa menyebut tentang masa,Jelaskan secara lisan bahawa butiran adalah betul,Minta masa untuk mengemas kini dokumen sebelum menyerahkannya,Dokumen yang tepat dan kerjasama membantu pemeriksaan berjalan lancar.,1
"While driving, the engine feels strained during acceleration though no warning lights appear.",Ease acceleration and monitor the condition,Maintain normal acceleration since no lights show,Increase engine output to test the response,Continue driving and act only if it worsens,A,Respond early to unusual vehicle performance.,0.75,0.25,,"Semasa memandu, enjin terasa kurang responsive semasa memecut walaupun tiada lampu amaran menyala.",Kurangkan pecutan dan pantau keadaan,Kekalkan pecutan kerana tiada lampu amaran,Tingkatkan kuasa enjin untuk menguji tindak balas,Terus memandu dan bertindak hanya jika keadaan bertambah teruk,Bertindak awal apabila prestasi kenderaan tidak biasa.,1
"During pre-trip inspection, you discover a brake defect before departure.",Proceed carefully and monitor the defect during the journey,Delay reporting until after completing the delivery,Report the defect immediately and follow required procedures,Ignore the defect to avoid operational delays,C,Defects must be reported before departure to ensure safety and integrity.,0.25,0.5,0.25,"Semasa pemeriksaan pra-perjalanan, anda menemui masalah pada brek sebelum berlepas.",Teruskan dengan berhati-hati dan pantau masalah sepanjang perjalanan,Tangguhkan laporan sehingga penghantaran selesai,Laporkan masalah segera dan ikut prosedur yang ditetapkan,Abaikan masalah untuk elakkan kelewatan operasi,Masalah mesti dilaporkan sebelum berlepas untuk memastikan keselamatan dan integriti.,1
"While waiting in an active loading zone, you notice cargo movement that may affect load stability.",Remain in position and allow loading to continue,Stop the process and alert site staff to address the cargo risk,Move the vehicle slightly to reduce exposure,Monitor the situation and proceed once loading appears stable,B,Address cargo instability promptly to prevent incidents in loading areas.,0.5,0.5,,"Semasa menunggu di zon pemuatan aktif, anda melihat pergerakan muatan yang boleh menjejaskan kestabilan muatan.",Kekal di tempat dan biarkan proses pemuatan diteruskan,Hentikan proses dan maklumkan kakitangan tapak tentang risiko muatan,Gerakkan kenderaan sedikit untuk mengurangkan pendedahan,Pantau keadaan dan teruskan apabila pemuatan kelihatan stabil,Tangani ketidakstabilan muatan dengan segera untuk mengelakkan insiden di kawasan pemuatan.,1
A customer questions a delivery delay and speaks to you in a frustrated tone.,Respond briefly and focus on completing the delivery,Explain the situation calmly and confirm the next steps,Defend your actions and point out factors beyond your control,Avoid discussion and direct the customer to the office,B,"Calm, clear explanation helps reduce frustration and keeps the interaction professional.",,0.25,0.75,Seorang pelanggan mempersoalkan kelewatan penghantaran dan bercakap dengan nada tidak puas hati.,Jawab secara ringkas dan fokus untuk selesaikan penghantaran,Terangkan keadaan dengan tenang dan sahkan langkah seterusnya,Pertahankan tindakan anda dan jelaskan faktor di luar kawalan,Elakkan perbincangan dan arahkan pelanggan ke pejabat,Penjelasan yang tenang dan jelas membantu kurangkan ketegangan dan kekalkan profesionalisme.,1
A colleague suggests you keep quiet about a major issue to avoid attention from management.,Explain clearly why the issue should be reported,Agree to stay quiet to keep things smooth,Avoid responding and let the matter pass,Say little and continue with your work,A,Clear communication and honesty help prevent larger problems later.,,0.5,0.5,Seorang rakan sekerja mencadangkan supaya anda berdiam diri tentang satu isu besar untuk elakkan perhatian pihak pengurusan.,Jelaskan dengan terang mengapa isu itu perlu dilaporkan,Setuju untuk berdiam diri supaya keadaan kekal tenang,Elakkan memberi respons dan biarkan perkara itu berlalu,Kurangkan bercakap dan teruskan kerja anda,Komunikasi yang jelas dan jujur membantu elakkan masalah menjadi lebih besar.,1
"While parked in a public area, a bystander hints that a small payment could allow special access.",Decline politely and continue following normal procedures,Consider the request since it may avoid inconvenience to others,Delay responding and see if the situation resolves itself,Suggest discussing the matter later to keep things moving,A,Refusing improper offers protects integrity and maintains public trust.,,0.25,0.75,"Semasa parkir di kawasan awam, seorang individu menyatakan bahawa bayaran kecil boleh membolehkan akses khas.",Tolak dengan sopan dan ikut prosedur biasa,Pertimbangkan permintaan itu kerana mungkin elakkan kesulitan,Tangguhkan respons dan lihat perkembangan keadaan,Cadangkan bincang perkara itu kemudian supaya urusan dapat diteruskan,Menolak tawaran yang tidak sesuai membantu kekalkan integriti dan kepercayaan orang awam.,1
"During a delivery, a culturally sensitive interaction is happening while people nearby are watching or recording.",Maintain respectful behaviour and continue professionally,Explain your actions carefully so others do not misinterpret them,Limit the interaction to avoid drawing further attention,Adjust your response to match how others expect you to behave,A,"Maintaining respectful, professional behaviour protects your image during visible interactions.",,0.25,0.75,"Semasa penghantaran, berlaku interaksi sensitif berkaitan budaya dan orang sekeliling sedang melihat dan merakam.",Kekalkan tingkah laku yang hormat dan teruskan secara profesional,Terangkan tindakan anda dengan teliti supaya tidak disalah tafsir,Hadkan interaksi untuk elak menarik lebih perhatian,Ubah respons anda mengikut jangkaan orang sekeliling,Sikap hormat dan profesional membantu melindungi imej anda apabila situasi diperhatikan orang lain.,1
"Traffic ahead is moving, but you keep extra distance. A customer messages asking why progress feels slow.",Maintain safe following distance and explain the situation calmly,Close the gap slightly so movement appears faster,Reassure the customer and focus on keeping pace,Ignore the message and continue driving,A,Keeping a safe following distance while explaining the reason supports safety and customer confidence.,0.25,0.25,0.5,"Trafik di hadapan bergerak, namun anda mengekalkan jarak yang lebih selamat. Pelanggan menghantar mesej bertanya mengapa pergerakan agak lambat.",Kekalkan jarak selamat dan jelaskan keadaan dengan tenang,Rapatkan sedikit jarak supaya pergerakan nampak lebih cepat,Yakinkan pelanggan dan cuba kekalkan kelajuan trafik,Abaikan mesej dan teruskan pemanduan,Mengekalkan jarak selamat sambil memberi penjelasan membantu menjaga keselamatan dan keyakinan pelanggan.,1
You slow early after spotting a hazard ahead. The driver behind reacts angrily and closes in.,Keep your speed steady and avoid engaging,Speed up slightly to reduce pressure from behind,Brake again to show there is a hazard ahead,Gesture briefly to discourage the tailgating,A,Maintaining steady driving and avoiding engagement helps manage hazards without escalating conflict.,0.5,,0.5,Anda memperlahankan kenderaan lebih awal selepas melihat bahaya di hadapan. Pemandu di belakang bertindak marah dan merapat.,Kekalkan kelajuan yang stabil dan elakkan memberi respons,Tambah sedikit kelajuan untuk mengurangkan tekanan dari belakang,Tekan brek sekali lagi untuk menunjukkan terdapat bahaya di hadapan,Buat isyarat ringkas untuk menghalang tingkah laku tersebut,Mengekalkan pemanduan yang stabil dan tidak bertindak balas membantu mengurus risiko tanpa menambahkan ketegangan.,1
You have worked six consecutive days and are scheduled for another duty.,Continue working if you feel fit.,Take one rest day after six working days.,Work half a day before taking leave.,Swap shifts without taking a rest day.,B,Take the required rest day after six consecutive working days.,0.5,0.5,,Anda telah bekerja selama enam hari berturut-turut dan dijadualkan untuk bertugas lagi.,Terus bekerja jika anda berasa cergas.,Ambil satu hari rehat selepas enam hari bekerja.,Bekerja separuh hari sebelum mengambil cuti.,Tukar syif tanpa mengambil hari rehat.,Ambil hari rehat yang ditetapkan selepas enam hari bekerja berturut-turut.,1
"Before starting your shift, you notice dark tint film and stickers on part of the windscreen.",Leave them since they were already installed.,Remove or report them because they may obstruct visibility.,Start driving and adjust your seating position instead.,Ignore them as long as the road ahead is visible.,B,Address unauthorised modifications to protect visibility and vehicle safety.,0.5,0,0.5,"Sebelum memulakan syif, anda mendapati terdapat filem gelap dan pelekat pada sebahagian cermin hadapan.",Biarkan kerana ia telah dipasang sebelum ini.,Tanggalkan atau laporkan kerana ia boleh menghalang penglihatan.,Mulakan pemanduan dan laraskan kedudukan tempat duduk.,Abaikan selagi jalan di hadapan masih kelihatan.,Tangani pengubahsuaian tanpa kelulusan untuk menjaga penglihatan dan keselamatan kenderaan.,1
A colleague asks to ride in your cabin as a second driver for convenience.,Allow the ride if the journey is short.,Decline unless company authorisation is given.,Allow the ride if the colleague is an employee.,Permit the ride if no customers are affected.,B,Do not carry passengers without proper company authorisation.,0.5,0,0.5,Seorang rakan sekerja meminta untuk menaiki kabin anda sebagai pemandu kedua atas alasan kemudahan.,Benarkan jika perjalanan adalah singkat.,Tolak kecuali terdapat kebenaran daripada syarikat.,Benarkan jika rakan tersebut ialah pekerja syarikat.,Benarkan jika tiada pelanggan yang terjejas.,Jangan membawa penumpang tanpa kebenaran rasmi daripada syarikat.,1
You notice only three safety cones are available in the vehicle.,Proceed since cones are rarely used.,Ensure five compliant safety cones are available.,Carry additional cones only for highway trips.,Proceed since 3 cones is enough.,B,Ensure the required number of compliant safety cones is carried.,0,1,0,Anda mendapati hanya tiga kon keselamatan tersedia di dalam kenderaan.,Teruskan perjalanan kerana kon jarang digunakan.,Pastikan lima kon keselamatan yang mematuhi spesifikasi tersedia.,Bawa kon tambahan hanya untuk perjalanan di lebuh raya.,Teruskan kerana 3 kon sudah mencukupi.,Pastikan bilangan kon keselamatan yang mematuhi spesifikasi dibawa seperti yang ditetapkan.,1
You are verifying the vehicle before loading cargo.,Confirm the permitted load limit before loading.,Load first and check weight later.,Estimate weight based on experience.,Accept the customer's estimate without verification.,A,Confirm the permitted load limit before carrying cargo.,0.5,0,0.5,Anda sedang mengesahkan keadaan kenderaan sebelum memuatkan kargo.,Sahkan had muatan yang dibenarkan sebelum memuatkan kargo.,Muatkan terlebih dahulu dan periksa berat kemudian.,Anggarkan berat berdasarkan pengalaman.,Terima anggaran pelanggan tanpa pengesahan.,Sahkan had muatan yang dibenarkan sebelum membawa kargo.,1
You are preparing for duty.,Wear a collared shirt before reporting for duty.,Wear any casual T-shirt as long as it is clean.,Wear a sleeveless shirt in hot weather.,Change only if instructed by a supervisor.,A,Wear proper collared attire as required for duty.,0.5,0,0.5,Anda sedang membuat persediaan untuk bertugas.,Pakai baju berkolar sebelum melapor diri untuk bertugas.,Pakai mana-mana baju T kasual asalkan bersih.,Pakai baju tanpa lengan ketika cuaca panas.,Tukar pakaian hanya jika diarahkan oleh penyelia.,Pakai pakaian berkolar yang sesuai seperti yang ditetapkan semasa bertugas.,1
"After completing your task, you still have the prime mover key.",Take the key home for the next shift.,Return the key to the company as required.,Leave the key inside the vehicle.,Keep the key until requested.,B,Return vehicle keys to the company after duty.,0.5,0,0.5,"Selepas menamatkan tugasan, anda masih memegang kunci kepala lori.",Bawa pulang kunci untuk syif seterusnya.,Pulangkan kunci kepada syarikat seperti yang ditetapkan.,Tinggalkan kunci di dalam kenderaan.,Simpan kunci sehingga diminta.,Pulangkan kunci kenderaan kepada syarikat selepas bertugas.,1
You notice a mismatch between the seal number and the gate pass record.,Proceed if the container is sealed.,Report to operations for further instruction.,Correct the document yourself.,Continue if the customer is waiting.,B,Report any container or seal discrepancy before proceeding.,0.5,0,0.5,Anda mendapati nombor seal tidak sepadan dengan rekod pada gate pass.,Teruskan jika kontena telah dimeterai.,Laporkan kepada bahagian operasi untuk arahan selanjutnya.,Betulkan dokumen sendiri.,Teruskan perjalanan jika pelanggan sedang menunggu.,Laporkan sebarang perbezaan pada kontena atau seal sebelum meneruskan perjalanan.,1
"At the customer site, the container door appears misaligned.",Record it internally and inform operations.,Lock it and continue.,Deliver first and explain later.,Adjust it without reporting.,A,Report container defects before moving.,0.5,0,0.5,"Di premis pelanggan, pintu kontena kelihatan tidak sejajar.",Catat dalam rekod dalaman dan maklumkan bahagian operasi.,Kunci pintu dan teruskan perjalanan.,Hantar dahulu dan jelaskan kemudian.,Laraskan tanpa melaporkan.,Laporkan kecacatan kontena sebelum meneruskan pergerakan.,1
The customer indicates a location that appears tight and near property.,Position quickly to minimise delay.,Prioritise safety to prevent property damage or injury.,Follow the instruction eventhough you have doubts.,Ask workers to stand nearby to guide closely.,B,Prioritise safety when positioning containers on site.,0,0,1,Pelanggan menunjukkan lokasi yang kelihatan sempit dan berhampiran harta benda.,Letakkan kontena dengan cepat untuk mengurangkan kelewatan.,Utamakan keselamatan bagi mengelakkan kerosakan atau kecederaan.,Teruskan walaupun anda mempunyai keraguan tentang ruang tersebut.,Minta pekerja berdiri berhampiran untuk memberi panduan dari jarak dekat.,Utamakan keselamatan semasa meletakkan kontena di tapak.,1
"After a road collision, what should you record first?",The exact accident location.,The damages.,The estimated repair cost.,The traffic condition.,A,Record the accident location accurately.,0.5,0,0.5,"Selepas berlaku pelanggaran jalan raya, apakah yang perlu anda catat terlebih dahulu?",Lokasi kemalangan yang tepat.,Kerosakan yang berlaku.,Anggaran kos pembaikan.,Keadaan trafik.,Catat lokasi kemalangan dengan tepat.,1
Your vehicle catches fire during transit.,Inform operations or the company safety team immediately.,Attempt to control the fire fully before reporting.,Inform the customer first.,Report only if damage is severe.,A,Report fire incidents immediately for further instruction.,0.5,0,0.5,Kenderaan anda terbakar semasa dalam perjalanan.,Maklumkan kepada bahagian operasi atau pasukan keselamatan syarikat dengan segera.,Cuba kawal kebakaran sepenuhnya sebelum melaporkan.,Maklumkan kepada pelanggan terlebih dahulu.,Laporkan hanya jika kerosakan adalah serius.,Laporkan kejadian kebakaran dengan segera untuk arahan lanjut.,1
"During initial reporting, what should you do if additional relevant details arise?",Share any information that supports the initial report.,Limit information to basic facts only.,Provide extra details only if requested later.,Wait until writing a formal report.,A,Provide all relevant information for the initial response.,0.5,0,0.5,"Semasa laporan awal dibuat, apakah yang perlu anda lakukan jika terdapat maklumat tambahan yang berkaitan?",Kongsikan maklumat yang menyokong laporan awal.,Hadkan maklumat kepada fakta asas sahaja.,Berikan butiran tambahan hanya jika diminta kemudian.,Tunggu sehingga menyediakan laporan rasmi.,Berikan semua maklumat yang berkaitan untuk tindakan awal yang tepat.,1
You position your vehicle in a loading area where forklifts are operating.,Move forward quickly and stop near loading,Stop at a safe distance and proceed when clear,Continue moving and rely on forklift guidance,Park as close as possible despite limited space,B,Keep a safe distance from active loading zones to reduce collision risk.,0.75,0.25,,Anda meletakkan kenderaan di kawasan memuat/memunggah barang di mana forklift sedang beroperasi.,Bergerak cepat ke hadapan dan berhenti berhampiran kawasan memuat/memunggah barang,Berhenti pada jarak selamat dan bergerak apabila laluan sudah jelas,Terus bergerak dan bergantung pada panduan forklift,Parkir sedekat mungkin walaupun ruang terhad,Kekalkan jarak selamat dari kawasan kawasan pemuatan aktif untuk mengurangkan risiko pelanggaran.,2
You approach a busy junction. Traffic slows and visibility is partly blocked by surrounding vehicles.,Reduce speed early and prepare to stop,Maintain speed and brake only if needed,Slow slightly and move when the vehicle ahead moves,Keep moving to clear the junction quickly,A,Reduce speed before junctions to respond safely to unexpected movement.,0.75,0.25,,Anda menghampiri persimpangan yang sibuk. Trafik perlahan dan sebahagian pandangan terhalang oleh kenderaan sekeliling.,Kurangkan kelajuan lebih awal dan bersedia untuk berhenti,Kekalkan kelajuan dan brek hanya jika perlu,Perlahankan sedikit dan bergerak apabila kenderaan di hadapan bergerak,Terus bergerak untuk melepasi persimpangan dengan cepat,Kurangkan kelajuan sebelum persimpangan untuk bertindak balas dengan selamat terhadap pergerakan mengejut.,2
You are on foot near your vehicle in an active loading area. Forklifts operate and stacked goods restrict visibility.,Keep clear of loading paths and wait until movement settles,Move closer to observe equipment movement,Walk through quickly to minimise time in the area,Stand where operators can see you and keep moving,A,Keep clear of loading activity to avoid sudden equipment movement and blind spots.,0.75,0.25,,Anda berjalan berhampiran kenderaan di kawasan pemunggahan aktif. Forklift beroperasi dan susunan barangan menghadkan pandangan.,Kekal jauh dari laluan pemunggahan dan tunggu sehingga pergerakan reda,Bergerak lebih dekat untuk memerhati pergerakan jentera,Berjalan cepat untuk kurangkan masa di kawasan itu,Berdiri di tempat pengendali boleh nampak dan terus bergerak,Kekalkan jarak dari aktiviti pemunggahan untuk elakkan pergerakan jentera mengejut dan kawasan titik buta.,2
You drive inside an industrial site where equipment operates near the roadway.,Reduce speed early and keep extra clearance from equipment,Maintain pace and adjust if equipment enters your path,Continue slowly to pass before equipment repositions,Follow the vehicle ahead past the equipment,A,Reduce speed early and keep clear of operating equipment.,0.75,0.25,,Anda memandu di dalam kawasan industri di mana jentera beroperasi berhampiran laluan.,Kurangkan kelajuan lebih awal dan kekalkan jarak daripada jentera,Kekalkan kelajuan dan sesuaikan jika jentera memasuki laluan anda,Terus bergerak perlahan untuk melepasi sebelum jentera beralih,Ikut kenderaan di hadapan melepasi jentera,Kurangkan kelajuan lebih awal dan kekalkan jarak dari jentera beroperasi.,2
"Inside a site yard, equipment operates near your path when another vehicle cuts across.","Slow down, keep distance from equipment, and continue calmly",Adjust position to regain progress while watching equipment,Proceed steadily to clear the area quickly,Follow the vehicle ahead closely to avoid delay,A,Maintain composure and distance near operating equipment.,0.75,0.25,,"Di kawasan tapak, jentera beroperasi berhampiran laluan anda dan tiba-tiba sebuah kenderaan melintas di hadapan.","Perlahankan, kekalkan jarak dari jentera, dan teruskan dengan tenang",Laraskan kedudukan untuk meneruskan pergerakan sambil memerhati jentera,Terus bergerak untuk melepasi kawasan itu dengan cepat,Ikut kenderaan di hadapan dengan rapat untuk elakkan kelewatan,Kekalkan ketenangan dan jarak selamat berhampiran jentera beroperasi.,2
"Before starting duty, you have not completed the required rest and are still under medication.",Delay starting duty and report the issue,Start the trip carefully since the route is familiar,Begin driving and stop later if you feel affected,Proceed and take rest after your shift,A,Confirm fitness for duty before driving.,0.5,0.5,,"Sebelum memulakan tugas, anda belum mendapat rehat yang cukup dan masih di bawah kesan ubat.",Tangguhkan tugas dan laporkan keadaan tersebut,Mulakan perjalanan dengan berhati-hati kerana laluan sudah biasa,Mula memandu dan berhenti kemudian jika terasa terjejas,Teruskan dan ambil rehat selepas tamat syif,Pastikan kecergasan untuk bertugas sebelum memandu.,2
"At a site entrance, valid driving credentials are required. One required credential has expired.",Stop the entry process and report the issue,Complete the safety induction and resolve it later,Proceed since rules will be explained during induction,Wait to see if access is granted,A,Valid credentials are required before site entry.,0.25,0.75,,"Di pintu masuk tapak, kelayakan memandu yang sah diperlukan. Satu kelayakan telah tamat tempoh.",Hentikan proses masuk dan laporkan masalah tersebut,Selesaikan taklimat keselamatan dan uruskan kemudian,Teruskan masuk kerana peraturan akan diterangkan semasa taklimat,Tunggu untuk melihat sama ada akses dibenarkan,Kelayakan yang sah diperlukan sebelum memasuki tapak.,2
"After loading at a site, procedure requires using a designated exit route.",Follow the designated exit route and site rules,Take a shorter route since no traffic is visible,Adjust your exit path to save time,Exit based on familiarity rather than instructions,A,Follow site exit routes and movement rules.,0.5,0.5,,"Selepas selesai memunggah keluar di tapak, prosedur memerlukan anda menggunakan laluan keluar yang ditetapkan.",Ikut laluan keluar dan peraturan pergerakan tapak,Ambil laluan lebih pendek kerana tiada trafik kelihatan,Laraskan laluan keluar untuk menjimatkan masa,Keluar berdasarkan kebiasaan dan bukan arahan,Ikut laluan keluar dan peraturan pergerakan tapak.,2
"While manoeuvring at low speed in a confined space, you notice resistance and a faint scraping sound.",Stop and reassess clearance before continuing,Proceed slowly and rely on steering to clear the space,Apply more throttle to finish quickly,Continue and inspect the vehicle after the manoeuvre,A,Stop when unusual resistance or sounds occur.,0.75,0.25,,"Semasa membuat manuver pada kelajuan rendah di ruang sempit, anda merasakan rintangan dan bunyi geseran ringan.",Berhenti dan semak semula ruang sebelum meneruskan,Terus bergerak perlahan dan bergantung pada stereng,Tekan minyak lebih untuk menyelesaikan manuver dengan cepat,Teruskan dan periksa kenderaan selepas manuver selesai,Berhenti apabila terdapat rintangan atau bunyi tidak biasa.,2
"During a rest stop, you notice rubbish and food containers inside the truck cabin.",Leave the cabin unchanged since cleanliness does not affect vehicle operation,Clean the cabin later when the schedule is less demanding,Clean and tidy the cabin immediately,Remove only items that may interfere with driving controls,C,Maintaining cabin cleanliness supports safe operation and professional standards.,,0.5,0.5,"Semasa berhenti rehat, anda melihat sampah dan bekas makanan di dalam kabin lori.",Biarkan kabin seperti itu kerana kebersihan tidak menjejaskan operasi kenderaan,Bersihkan kabin kemudian apabila jadual kurang sibuk,Bersihkan dan kemaskan kabin segera,Buang hanya barang yang boleh mengganggu kawalan pemanduan,Menjaga kebersihan kabin menyokong operasi selamat dan mencerminkan profesionalisme.,2
"While reversing slowly in a tight site area, you lose clear sight of one rear corner.",Continue reversing slowly using mirrors,Stop the vehicle and reassess the situation,Turn the steering slightly and keep moving,Rely on previous experience and continue,B,Stop when visibility is uncertain to prevent damage and protect people and property.,1,,,"Semasa mengundur perlahan di kawasan tapak yang sempit, anda hilang pandangan jelas pada satu sudut belakang.",Terus mengundur perlahan menggunakan cermin,Berhenti dan nilai semula keadaan,Pusing stereng sedikit dan terus bergerak,Bergantung pada pengalaman lalu dan teruskan,Berhenti apabila pandangan tidak jelas untuk mengelakkan kerosakan dan melindungi orang serta harta benda.,2
"During unloading, site staff give instructions abruptly while you are positioning the vehicle.",Respond minimally and focus only on vehicle positioning,Acknowledge the instructions and coordinate calmly,Challenge the tone and clarify who is responsible,Proceed without engaging further,B,"Calm coordination helps tasks run smoothly, even when instructions are delivered abruptly.",,,1,"Semasa memunggah muatan, kakitangan tapak memberi arahan secara tiba-tiba ketika anda sedang memposisikan kenderaan.",Jawab secara minimum dan fokus pada posisi kenderaan sahaja,Akui arahan tersebut dan bekerjasama dengan tenang,Persoalkan nada arahan dan jelaskan siapa bertanggungjawab,Teruskan tanpa melibatkan diri,Bekerjasama dengan tenang membantu kerja berjalan lancar walaupun arahan diberi secara tiba-tiba.,2
"A disagreement arises on site, and the discussion starts to become tense.","Speak calmly, acknowledge concerns, and clarify next steps",Restate your position firmly to end the discussion,Reduce interaction and wait for the situation to pass,Continue the task without engaging further,A,Calm acknowledgement and clear steps help prevent disagreements from escalating.,,0.25,0.75,Berlaku perbezaan pendapat di tapak dan perbincangan mula menjadi tegang.,Bercakap dengan tenang dan jelaskan langkah seterusnya,Tegaskan pendirian anda untuk tamatkan perbincangan,Kurangkan interaksi dan tunggu keadaan reda,Teruskan tugas tanpa melibatkan diri,Pendekatan yang tenang dan langkah yang jelas membantu elakkan keadaan menjadi lebih tegang.,2
"In a public area, a bystander becomes upset about where your vehicle is stopped.","Respond calmly, acknowledge the concern, and explain briefly",Explain in detail why the stop is necessary and allowed,Avoid engagement and continue the task to prevent escalation,Justify your position firmly so the complaint does not continue,A,Calm acknowledgement helps ease public tension and prevents situations from escalating.,,,1,"Di kawasan awam, seorang individu berasa tidak puas hati tentang lokasi kenderaan anda berhenti.","Beri respons tenang, ambil maklum dan jelaskan secara ringkas",Terangkan dengan terperinci mengapa berhenti di situ perlu dan dibenarkan,Elakkan berinteraksi dan teruskan tugas,Pertahankan posisi anda dengan tegas supaya aduan tidak berlanjutan,Respons yang tenang dan jelas membantu redakan ketegangan dan elakkan keadaan menjadi lebih serius.,2
A customer calls you during the trip and urges you to arrive faster due to a delay.,Maintain a safe speed and explain your expected arrival time,Increase speed slightly to show effort and responsiveness,Reassure the customer and focus on reaching sooner,Shorten the conversation and continue driving as planned,A,Maintaining safe speed while giving a clear update supports both safety and customer trust.,0.25,0.25,0.5,Seorang pelanggan menelefon semasa perjalanan dan mendesak anda tiba lebih cepat kerana berlaku kelewatan.,Kekalkan kelajuan selamat dan maklumkan anggaran masa ketibaan,Tambah sedikit kelajuan untuk tunjuk usaha dan responsif,Yakinkan pelanggan dan cuba sampai lebih awal,Pendekkan perbualan dan teruskan perjalanan seperti biasa,Kekalkan kelajuan selamat sambil beri maklumat jelas bagi menjaga keselamatan dan kepercayaan pelanggan.,2
Traffic ahead slows sharply. You increase following distance while vehicles behind close in without warning.,Ease off early and activate brake lights to signal slowing,Maintain speed to avoid confusing drivers behind,Close the gap to match traffic flow,Brake later so others are forced to react,A,Creating space early and signalling clearly helps others adjust safely to changing traffic conditions.,0.25,0.5,0.25,Trafik di hadapan menjadi perlahan secara mendadak. Anda menambah jarak hadapan sementara kenderaan di belakang semakin menghampiri tanpa amaran.,Lepaskan pedal awal dan hidupkan lampu brek untuk memberi isyarat memperlahankan kenderaan,Kekalkan kelajuan supaya tidak mengelirukan pemandu di belakang,Rapatkan jarak untuk mengikut aliran trafik,Tekan brek secara mengejut supaya pemandu lain terpaksa bertindak balas,Mewujudkan ruang lebih awal dan memberi isyarat dengan jelas membantu pemandu lain menyesuaikan diri dengan selamat.,2
"At a junction, you prepare to turn while another vehicle approaches from the side and appears unsure of your intention.",Signal early and complete the turn when it is safe,Roll forward slightly to indicate you intend to go,Wait longer to see how the other driver reacts,Turn once there is space to avoid delaying traffic behind,A,Clear signalling at junctions helps other drivers understand your intention and reduces uncertainty.,0.25,0.5,0.25,"Di simpang jalan, anda bersedia untuk membelok apabila sebuah kenderaan dari sisi kelihatan tidak pasti tentang niat anda.",Beri isyarat awal dan belok apabila selamat,Gerak sedikit ke hadapan untuk menunjukkan niat,Tunggu lebih lama untuk melihat reaksi pemandu lain,Belok apabila ada ruang untuk mengelakkan kelewatan di belakang,Isyarat yang jelas di simpang membantu pemandu lain memahami niat anda dan mengurangkan ketidakpastian.,2
"While driving, you notice the sun shade and stickers on the windscreen reduce your side visibility.",Continue driving carefully despite reduced visibility.,Stop at a safe location and remove or adjust the obstruction.,Reduce speed and rely more on mirrors.,Adjust your lane position to compensate for the blind area.,B,Ensure full visibility before continuing to drive safely.,,1,,"Semasa memandu, anda mendapati pelindung matahari dan pelekat pada cermin hadapan mengurangkan penglihatan sisi.",Terus memandu dengan berhati-hati walaupun penglihatan berkurang.,Berhenti di lokasi selamat dan tanggalkan/laraskan halangan tersebut.,Kurangkan kelajuan dan lebih bergantung pada cermin sisi.,Laraskan kedudukan lorong untuk mengimbangi kawasan yang terhalang.,Pastikan penglihatan jelas sepenuhnya sebelum meneruskan pemanduan.,2
"You arrive at a customer site to uncouple the trailer on uneven, soft ground.",Lower the landing legs carefully and check stability after uncoupling.,Place strong wooden planks under the landing legs before uncoupling.,Adjust the trailer position slightly to find firmer ground before uncoupling.,Ask site staff to observe the trailer during the process.,B,Ensure stable ground support before uncoupling to prevent trailer instability.,0,0,1,Anda tiba di tapak pelanggan untuk membuka sambungan treler di atas permukaan tanah yang tidak rata dan lembut.,Turunkan kaki sokongan dengan berhati-hati dan periksa kestabilan selepas membuka sambungan.,Letakkan papan kayu yang kukuh di bawah kaki sokongan sebelum membuka sambungan.,Laraskan sedikit kedudukan treler untuk mencari tanah yang lebih kukuh sebelum membuka sambungan.,Minta kakitangan tapak memerhati treler semasa proses tersebut.,Pastikan sokongan tanah stabil sebelum membuka sambungan bagi mengelakkan treler menjadi tidak stabil.,2
You are preparing to start your trip and will return later the same day.,Conduct inspection only before starting the trip.,Conduct inspection only after completing the trip.,Conduct inspections both before and after the trip.,Conduct inspection only if a defect is suspected.,C,Perform required inspections before and after every trip.,0.5,0,0.5,Anda sedang bersedia untuk memulakan perjalanan dan akan kembali pada hari yang sama.,Lakukan pemeriksaan sebelum memulakan perjalanan sahaja.,Lakukan pemeriksaan selepas menamatkan perjalanan sahaja.,Lakukan pemeriksaan sebelum dan selepas perjalanan.,Lakukan pemeriksaan hanya jika terdapat tanda kerosakan.,Lakukan pemeriksaan yang ditetapkan sebelum dan selepas setiap perjalanan.,2
The reflective string delineators are damaged and no longer reflective.,Continue if cones are available.,Replace them with compliant reflective delineators.,Use hazard lights instead.,Keep them until the next inspection cycle.,B,Maintain compliant reflective equipment for roadside safety.,0,1,0,Tali delineator reflektif rosak dan tidak lagi memantulkan cahaya.,Teruskan perjalanan jika kon keselamatan tersedia.,Gantikan dengan delineator reflektif yang mematuhi spesifikasi.,Gunakan lampu kecemasan sebagai ganti.,Kekalkan penggunaannya sehingga pemeriksaan seterusnya.,Pastikan peralatan reflektif yang mematuhi spesifikasi sentiasa tersedia untuk keselamatan di tepi jalan.,2
"During inspection, you review emergency and fire equipment in the vehicle.",Check only for long-distance trips.,Ensure emergency and fire equipment is complete and valid.,Assume it is sufficient if previously used.,Check after starting the trip.,B,Ensure emergency and fire equipment is complete and valid before driving.,0.5,0,0.5,"Semasa pemeriksaan, anda menyemak peralatan kecemasan dan pemadam api di dalam kenderaan.",Periksa hanya untuk perjalanan jarak jauh.,Pastikan peralatan kecemasan dan pemadam api lengkap dan masih sah untuk digunakan.,Anggap mencukupi jika pernah digunakan sebelum ini.,Periksa selepas memulakan perjalanan.,Pastikan peralatan kecemasan dan pemadam api lengkap dan masih sah untuk digunakan sebelum memandu.,2
You are dressing for your driving shift.,Wear long trousers as required.,Wear shorts if the weather is hot.,Wear track pants for comfort.,Wear any trousers only when visiting customer sites.,A,Wear long trousers as part of required duty attire.,0.5,0,0.5,Anda sedang berpakaian untuk syif pemanduan.,Pakai seluar panjang seperti yang ditetapkan.,Pakai seluar pendek jika cuaca panas.,Pakai seluar trek untuk keselesaan.,Pakai apa-apa seluar hanya apabila melawat tapak pelanggan.,Pakai seluar panjang seperti yang ditetapkan semasa bertugas.,2
"As a driver, you must remain aware of the expiry and renewal dates of vehicle and operating documents.",Monitor the dates and arrange renewal before expiry.,Wait for reminders from the office.,Check the dates only during inspections.,Rely on company personnel to identify expiry.,A,Be aware of expiry dates and renew documents before they lapse.,0,1,0,"Sebagai seorang pemandu, anda perlu peka terhadap tarikh tamat tempoh dan pembaharuan dokumen kenderaan serta operasi.",Pantau tarikh tersebut dan uruskan pembaharuan sebelum tamat tempoh.,Tunggu peringatan daripada pejabat.,Semak tarikh hanya semasa pemeriksaan.,Bergantung kepada pegawai syarikat untuk mengenal pasti tarikh tamat tempoh.,Sentiasa peka terhadap tarikh tamat tempoh dan perbaharui dokumen sebelum tempoh sahnya berakhir.,2
"While hauling an import container from the port, you notice a dent and scratches on the container wall.",Record the damage in the gate pass before exiting the port.,Inform operations after delivery.,Record it only in the internal company form.,Proceed since the seal is intact.,A,Record visible container damage in the gate pass before leaving the port.,0.5,0,0.5,"Semasa membawa kontena import dari pelabuhan, anda mendapati terdapat kesan kemek dan calar pada dinding kontena.",Rekodkan kerosakan pada gate pass sebelum keluar dari pelabuhan.,Maklumkan bahagian operasi selepas penghantaran.,Rekodkan hanya dalam borang dalaman syarikat.,Teruskan perjalanan kerana seal masih dalam keadaan baik.,Rekodkan sebarang kerosakan kontena yang kelihatan pada gate pass sebelum meninggalkan pelabuhan.,2
"Before exiting the port, you compare the container number in the EIR/gate pass with the customs form and delivery note.",Proceed if the container type looks correct.,Ensure all documents show the same container number.,Check the number only at delivery point.,Rely on port staff verification.,B,Confirm container numbers match across all documents before exit.,0.5,0,0.5,"Sebelum keluar dari pelabuhan, anda membandingkan nombor kontena dalam EIR atau gate pass dengan borang kastam dan nota penghantaran.",Teruskan perjalanan jika jenis kontena kelihatan betul.,Pastikan semua dokumen menunjukkan nombor kontena yang sama.,Semak nombor hanya di lokasi penghantaran.,Bergantung kepada pengesahan kakitangan pelabuhan.,Pastikan nombor kontena sepadan dalam semua dokumen sebelum keluar dari pelabuhan.,2
"Before pulling a loaded export container, you inspect the seal.",Ensure the container is sealed before departure.,Proceed if the container door is locked.,Seal it later at the port.,Rely on warehouse staff confirmation.,A,Ensure export containers are properly sealed before movement.,0.5,0,0.5,"Sebelum menarik kontena eksport yang telah dimuatkan, anda memeriksa seal.",Pastikan kontena telah dipasang seal sebelum bertolak.,Teruskan perjalanan jika pintu kontena telah dikunci.,Pasang seal kemudian apabila tiba di pelabuhan.,Bergantung kepada pengesahan kakitangan gudang.,Pastikan kontena eksport dipasang seal dengan betul sebelum pergerakan.,2
You are involved in a road collision.,Record the third party's vehicle type and registration number.,Record only the third party's phone number.,Take photos of the damage without recording vehicle details.,Ask someone help to record the information for you.,A,Record vehicle type and registration details.,0.5,0,0.5,Anda terlibat dalam pelanggaran jalan raya.,Catat jenis kenderaan dan nombor pendaftaran pihak ketiga.,Catat nombor telefon pihak ketiga sahaja.,Ambil gambar kerosakan tanpa merekod butiran kenderaan.,Minta pertolongan orang lain mencatat maklumat bagi pihak anda.,Catat jenis kenderaan dan nombor pendaftaran dengan tepat.,2
A small fire starts near the engine compartment while parked.,Use the ABC fire extinguisher if safe.,Wait for others to assist before acting.,Pour available water to reduce flames.,Observe briefly before deciding.,A,Use the appropriate extinguisher if the fire is manageable.,0.5,0,0.5,"Semasa parkir, kebakaran kecil bermula berhampiran ruang enjin.",Gunakan alat pemadam api jenis ABC jika keadaan selamat.,Tunggu bantuan sebelum mengambil tindakan.,Tuang air yang ada untuk mengurangkan api.,Perhatikan keadaan seketika sebelum membuat keputusan.,Gunakan alat pemadam api yang sesuai jika kebakaran masih boleh dikawal dan keadaan selamat.,2
You position your vehicle in a loading area where forklifts and pedestrians are moving.,Move forward quickly before equipment approaches,Position only when the area is clear of movement,Continue moving slowly and watch for operator signals,Stop close to the loading area to reduce walking,B,Keep clear of active loading zones to reduce collision and injury risk.,0.75,0.25,,Anda meletakkan kenderaan di kawasan pemunggahan di mana forklift dan pejalan kaki sedang bergerak.,Bergerak cepat ke hadapan sebelum peralatan menghampiri,Letakkan kenderaan hanya apabila kawasan itu tiada pergerakan,Terus bergerak perlahan sambil perhatikan isyarat pengendali,Berhenti dekat kawasan pemunggahan untuk kurangkan berjalan,Kekalkan jarak dari kawasan pemunggahan aktif untuk mengurangkan risiko pelanggaran dan kecederaan.,3
You approach a busy junction. Traffic slows unevenly and vehicles from the side edge forward.,Hold your lane and approach at reduced speed,Shift slightly within your lane to improve visibility,Edge closer to discourage other vehicles,Maintain speed and react only if a vehicle enters,A,Clear lane position and early speed control reduce conflict at junctions.,0.75,0.25,,Anda menghampiri persimpangan sibuk. Trafik perlahan secara tidak sekata dan kenderaan dari sisi bergerak ke hadapan.,Kekalkan lorong dan hampiri pada kelajuan rendah,Bergerak sedikit dalam lorong untuk tingkatkan pandangan,Bergerak lebih dekat untuk menghalang kenderaan lain,Kekalkan kelajuan dan bertindak hanya jika kenderaan masuk,Kedudukan lorong yang jelas dan kawalan kelajuan awal mengurangkan konflik di persimpangan.,3
You approach a checkpoint inside a facility. Vehicles queue unevenly and lanes split toward inspection points.,Remain in your lane and wait for checkpoint direction,Shift early to a less congested lane,Move forward and adjust position near the checkpoint,Follow the vehicle ahead if its lane clears faster,A,Remain orderly and wait for checkpoint direction in controlled zones.,0.75,0.25,,Anda menghampiri pusat pemeriksaan di dalam fasiliti. Kenderaan beratur tidak sekata dan lorong berpecah ke beberapa laluan pemeriksaan.,Kekalkan lorong dan tunggu arahan pusat pemeriksaan,Tukar awal ke lorong yang kurang sesak,Bergerak ke hadapan dan sesuaikan kedudukan berhampiran pusat pemeriksaan,Ikut kenderaan di hadapan jika lorongnya bergerak lebih cepat,Kekalkan pergerakan teratur dan tunggu arahan pusat pemeriksaan di kawasan kawalan.,3
You need to reverse into a tight space in a site yard. Vehicles and equipment move nearby.,Stop and reverse only when space and visibility are clear,Reverse slowly and adjust speed as conditions change,Complete the manoeuvre to minimise disruption,Follow nearby vehicles to guide your reversing speed,A,Confirm space and visibility before reversing in busy yards.,0.75,0.25,,Anda perlu mengundur ke ruang sempit di kawasan tapak. Kenderaan dan jentera bergerak berhampiran.,Berhenti dan undur hanya apabila ruang dan pandangan jelas,Undur perlahan dan sesuaikan kelajuan mengikut keadaan,Selesaikan manuver untuk kurangkan gangguan kepada orang lain,Ikut pergerakan kenderaan berhampiran untuk panduan kelajuan mengundur,Pastikan ruang dan pandangan jelas sebelum mengundur di kawasan tapak sibuk.,3
You approach a narrow access point inside a facility. Visibility is limited and vehicles may enter from the opposite direction.,Slow early and wait until the access path is clear,Continue forward cautiously and adjust if a vehicle appears,Enter the access point to hold position,Follow the vehicle ahead through the access,A,Slow early and confirm the path is clear before entering.,1,,,Anda menghampiri laluan masuk sempit di dalam fasiliti. Pandangan terhad dan kenderaan mungkin masuk dari arah bertentangan.,Perlahankan kenderaan lebih awal dan tunggu sehingga laluan benar-benar jelas,Terus bergerak dengan berhati-hati dan sesuaikan jika kenderaan muncul,Masuk ke laluan untuk menunggu,Ikut kenderaan di hadapan melalui laluan,Perlahankan kenderaan lebih awal dan pastikan laluan jelas sebelum masuk.,3
"While driving, your phone receives a message and you are slightly above the speed limit.",Slow to the legal speed and ignore the message,Maintain speed and quickly check the message,Reduce speed slightly and read when traffic allows,Keep speed steady and reply briefly,A,Follow speed limits and avoid device use while driving.,0.5,0.5,,"Semasa memandu, telefon anda menerima mesej dan anda memandu sedikit melebihi had laju.",Kurangkan kelajuan ke had yang dibenarkan dan abaikan mesej tersebut,Kekalkan kelajuan dan periksa mesej dengan cepat,Kurangkan sedikit kelajuan dan baca apabila keadaan sesuai,Kekalkan kelajuan dan balas mesej secara ringkas,Patuhi had laju dan elakkan penggunaan telefon semasa memandu.,3
"At a controlled checkpoint, valid credentials are required and one credential has expired.",Stop at the checkpoint and report the issue,Proceed slowly and resolve it afterward,Wait to see if access is granted without it,Continue forward since monitoring appears light,A,Stop and meet credential requirements before proceeding.,0.25,0.75,,"Di pusat pemeriksaan kawalan, kelayakan yang sah diperlukan dan satu kelayakan telah tamat tempoh.",Berhenti di pusat pemeriksaan dan laporkan masalah tersebut,Terus bergerak perlahan dan selesaikan kemudian,Tunggu untuk melihat sama ada akses dibenarkan tanpa kelayakan,Terus bergerak kerana pemantauan kelihatan kurang ketat,Berhenti dan pastikan kelayakan dipenuhi sebelum meneruskan perjalanan.,3
"At a site with active loading operations, you step out of your vehicle in the loading area without a safety helmet.",Put on the required PPE and keep clear of loading,Remain where you are and rely on operators,Move quickly through the area to reduce time,Wait for instructions before addressing PPE,A,Wear required PPE and keep clear of loading zones.,0.25,0.75,,"Di tapak dengan operasi pemuatan aktif, anda keluar dari kenderaan di kawasan pemuatan tanpa topi keselamatan.",Pakai PPE yang diperlukan dan kekal jauh dari operasi pemuatan,Kekal di tempat dan bergantung pada pengendali,Bergerak cepat melalui kawasan itu untuk kurangkan masa,Tunggu arahan dan kemudian pakai PPE,Pakai PPE yang diperlukan dan kekalkan jarak dari kawasan pemuatan.,3
"While manoeuvring at low speed with a load, you feel the load shift and notice the vehicle is closer than expected to an obstacle.",Stop and assess if it is safe to proceed,Proceed slowly and adjust steering to maintain clearance,Complete the manoeuvre and check the load afterward,Continue moving and secure the load once clear,A,Stop and reassess when load shift or clearance risk appears.,0.75,0.25,,"Semasa membuat manuver pada kelajuan rendah dengan muatan, anda merasakan muatan bergerak dan menyedari kenderaan lebih dekat daripada jangkaan kepada halangan.",Berhenti dan pastikan selamat sebelum meneruskan,Terus bergerak perlahan dan laraskan stereng untuk kekalkan jarak,Selesaikan manuver dan periksa muatan selepas itu,Terus bergerak dan periksa di tempat perhentian  ,Berhenti dan nilai semula apabila muatan bergerak atau jarak menjadi sempit.,3
"While parked at a public roadside stop, your engine is running near pedestrians and nearby premises.",Keep the engine running to maintain cabin comfort,Shut down the engine while parked,Keep the engine running and remain inside the vehicle,Leave the engine running briefly before moving off,B,Shutting down the engine when parked protects company assets and shows respect for the public.,,0.25,0.75,"Semasa parkir di tepi jalan awam, enjin kenderaan masih hidup berhampiran pejalan kaki dan premis berdekatan.",Biarkan enjin hidup untuk keselesaan kabin,Matikan enjin semasa parkir,Biarkan enjin hidup dan kekal di dalam kenderaan,Biarkan enjin hidup seketika sebelum bergerak,Mematikan enjin semasa parkir melindungi aset syarikat dan menunjukkan hormat kepada orang awam.,3
"Inside a site, you approach a junction where parked equipment limits turning space.",Continue forward and adjust steering during the turn,"Stop early and reposition for a wider, safer turn",Follow the shortest path to clear the junction,Move closer before deciding how to turn,B,"Early positioning inside sites prevents tight turns, damage, and unnecessary corrections.",1,,,"Di dalam tapak, anda menghampiri simpang dan jentera parkir mengehadkan ruang membelok.",Teruskan ke hadapan dan laras stereng semasa membelok,Berhenti awal dan ubah posisi untuk belokan yang lebih luas dan selamat,Ikut laluan paling pendek untuk lepasi simpang,Bergerak lebih dekat sebelum tentukan cara membelok,"Posisi awal yang betul di dalam tapak membantu elakkan belokan sempit, kerosakan dan pembetulan yang tidak perlu.",3
"While making a delivery, members of the public are nearby and watching your interaction with the customer.",Focus only on the customer and ignore the surroundings,"Maintain calm, respectful behaviour mindful of the public presence",Keep the exchange short to avoid attention,Let the customer lead the interaction tone,B,"Professional behaviour matters not only to the customer, but also to the public observing the interaction.",,,1,"Semasa membuat penghantaran, orang awam berada berdekatan dan memerhati interaksi anda dengan pelanggan.",Fokus pada pelanggan sahaja dan abaikan keadaan sekeliling,Kekalkan tingkah laku tenang dan hormat dengan mengambil kira kehadiran orang awam,Pendekkan perbualan untuk elak perhatian,Biarkan pelanggan tentukan nada interaksi,Tingkah laku profesional penting bukan sahaja kepada pelanggan tetapi juga kepada orang awam yang memerhati.,3
"During a site discussion, you realise the conversation may be overheard or recorded.",Speak carefully and keep the discussion professional,Lower your voice and limit further discussion,End the conversation and return to work,Continue speaking as you normally would,A,Choosing words carefully helps protect your professional image in visible situations.,,0.5,0.5,"Semasa perbincangan di tapak, anda sedar perbualan mungkin didengar atau dirakam.",Bercakap dengan berhati-hati dan kekalkan profesionalisme,Rendahkan suara dan hadkan perbincangan,Tamatkan perbualan dan kembali bekerja,Terus bercakap seperti biasa,Pilih kata dengan cermat untuk lindungi imej profesional di tempat umum.,3
"In a public area, people nearby are watching and filming while you interact with others.",Keep your behaviour calm and professional throughout,Explain your actions clearly so observers understand your position,Limit interaction and focus on finishing the task,Respond firmly to avoid appearing uncertain,A,Professional behaviour matters most when actions are visible to the public.,,0.25,0.75,"Di kawasan awam, orang di sekeliling memerhati dan merakam semasa anda berinteraksi dengan orang lain.",Kekalkan tingkah laku tenang dan profesional sepanjang masa,Terangkan tindakan anda supaya orang yang memerhati faham,Hadkan interaksi dan fokus selesaikan tugas,Beri respons dengan tegas supaya tidak kelihatan ragu-ragu,Tingkah laku profesional amat penting apabila tindakan anda dapat dilihat oleh orang awam.,3
"Traffic slows unexpectedly, and a supervisor asks if you can make up time on the road.","Keep to a safe speed and give a clear, realistic update",Say you will try to make up time where possible,Reassure them and focus on pushing ahead,Keep the call short and continue driving,A,Clear updates and safe driving help manage expectations without increasing risk.,0.25,0.5,0.25,Trafik tiba-tiba menjadi perlahan dan penyelia bertanya sama ada anda boleh mengejar semula masa di jalan raya.,Kekalkan kelajuan selamat dan beri maklumat yang jelas serta realistik,Beritahu bahawa anda akan cuba mengejar masa jika boleh,Yakinkan penyelia dan fokus untuk bergerak lebih laju,Pendekkan panggilan dan teruskan perjalanan,Maklumat yang jelas dan pemanduan selamat membantu urus jangkaan tanpa menambah risiko.,3
You increase following distance in slow traffic. The driver behind closes in and flashes headlights repeatedly.,Keep your distance and continue without responding,Ease closer to avoid further confrontation behind you,Acknowledge the other driver briefly so they know you noticed,Adjust your driving to discourage the behaviour,A,Maintaining safe distance and not reacting helps prevent tension from escalating in traffic.,0.25,0.25,0.5,Anda menambah jarak kenderaan dalam trafik perlahan. Pemandu di belakang merapat dan berulang kali memberi lampu tinggi.,Kekalkan jarak dan teruskan tanpa memberi respons,Rapatkan sedikit jarak untuk mengelakkan ketegangan di belakang,Beri isyarat ringkas supaya pemandu lain tahu anda sedar,Sesuaikan cara pemanduan untuk menghalang tingkah laku tersebut,Mengekalkan jarak selamat dan tidak bertindak balas membantu mengelakkan ketegangan di jalan raya.,3
You enter a narrow roadworks zone with barriers while members of the public are standing nearby.,Reduce speed early and proceed cautiously,Maintain speed to clear the zone quickly,Follow the vehicle ahead closely to avoid delay,Focus on steering accuracy and ignore people nearby,A,Reducing speed early in high-risk areas helps protect the public and reduces potential harm.,0.5,,0.5,"Anda memasuki kawasan pembaikan jalan yang sempit dengan penghadang, sementara orang awam berada berhampiran.",Kurangkan kelajuan lebih awal dan lalui kawasan dengan berhati-hati,Kekalkan kelajuan untuk melepasi kawasan dengan cepat,Ikut rapat kenderaan di hadapan supaya tidak lewat,Fokus pada kawalan stereng dan abaikan orang di sekitar,Mengurangkan kelajuan lebih awal di kawasan berisiko membantu melindungi orang awam dan mengurangkan potensi bahaya.,3
"Before starting your shift, you notice dark tint film and stickers on part of the windscreen.",Leave them since they were already installed.,Remove or report them because they may obstruct visibility.,Start driving and adjust your seating position instead.,Ignore them as long as the road ahead is visible.,B,Address unauthorised modifications to protect visibility and vehicle safety.,,0.5,0.5,"Sebelum memulakan syif, anda mendapati terdapat filem gelap dan pelekat pada sebahagian cermin hadapan.",Biarkan kerana ia telah dipasang sebelum ini.,Tanggalkan atau laporkan kerana ia boleh menghalang penglihatan.,Mulakan pemanduan dan laraskan kedudukan tempat duduk.,Abaikan selagi jalan di hadapan masih kelihatan.,Tangani pengubahsuaian tanpa kelulusan untuk menjaga penglihatan dan keselamatan kenderaan.,3
Your goods vehicle is experiencing failure on a highway and there is no nearby exit.,Stop in the current lane and switch on hazard lights.,Move the vehicle to the far left shoulder before stopping.,Stop immediately and place warning devices behind the vehicle.,Slow down and remain in the lane until assistance arrives.,B,Move to a safer shoulder area to reduce exposure to traffic.,0.5,0,0.5,Kenderaan barangan anda mengalami kerosakan di lebuh raya dan tiada susur keluar berhampiran.,Berhenti di lorong semasa dan hidupkan lampu kecemasan.,Gerakkan kenderaan ke bahu kiri paling luar sebelum berhenti.,Berhenti serta-merta dan letakkan alat amaran di belakang kenderaan.,Perlahankan kenderaan dan kekal di lorong sehingga bantuan tiba.,Gerakkan kenderaan ke bahu jalan yang lebih selamat untuk mengurangkan risiko terdedah kepada trafik.,3
You are loading cargo and the total weight is close to the vehicle's permitted limit.,Load slightly above the limit if the distance is short.,Ensure the load remains within the permitted weight limit.,Proceed since the excess weight is minimal.,Accept the customer's weight figure without verification.,B,Always operate within the approved weight limit.,0.5,0,0.5,Anda sedang memuatkan kargo dan jumlah beratnya hampir mencapai had yang dibenarkan untuk kenderaan.,Muatkan sedikit melebihi had jika jarak adalah dekat.,Pastikan muatan kekal dalam had berat yang dibenarkan.,Teruskan perjalanan kerana lebihan berat adalah kecil.,Terima angka berat pelanggan tanpa pengesahan.,Sentiasa pastikan kenderaan beroperasi dalam had berat yang diluluskan.,3
You notice there is no compliant safety vest in the vehicle.,Proceed if you remain inside the vehicle.,Ensure a compliant safety vest is available before departure.,Wear any bright-coloured clothing instead.,Borrow one only when entering a site.,B,Carry the required safety vest before operating.,0,1,0,Anda mendapati tiada vest keselamatan yang mematuhi spesifikasi di dalam kenderaan.,Teruskan perjalanan jika anda kekal berada di dalam kenderaan.,Pastikan vest keselamatan yang mematuhi spesifikasi tersedia sebelum memulakan perjalanan.,Pakai sebarang pakaian berwarna terang sebagai ganti.,Pinjam vest hanya apabila memasuki tapak.,Pastikan vest keselamatan yang diperlukan dibawa sebelum beroperasi.,3
You arrive at a site and the nearest space is marked as a prohibited parking area.,Park there briefly if unloading is quick.,Find a permitted parking space.,Park there if other vehicles are doing the same.,Stop there with hazard lights switched on.,B,Do not park in prohibited areas.,0.5,0,0.5,Anda tiba di tapak dan ruang terdekat ditanda sebagai kawasan larangan parkir.,Parkir seketika jika proses menurunkan muatan adalah cepat.,Cari ruang parkir yang dibenarkan.,Parkir di situ jika kenderaan lain melakukan perkara yang sama.,Berhenti di situ dengan lampu kecemasan dihidupkan.,Parkir hanya di kawasan yang dibenarkan.,3
"Before starting duty, you are choosing your footwear.",Wear covered shoes for duty.,Wear slippers for short-distance trips.,Wear sandals if driving locally.,Change into shoes only when entering a site.,A,Wear proper shoes while on duty.,0.5,0,0.5,"Sebelum memulakan tugas, anda memilih kasut untuk dipakai.",Pakai kasut bertutup semasa bertugas.,Pakai selipar untuk perjalanan jarak dekat.,Pakai sandal jika memandu di kawasan setempat.,Tukar kepada kasut hanya apabila memasuki tapak.,Pakai kasut yang sesuai semasa bertugas.,3
You have completed a delivery at a customer site.,Obtain the receiver's signature only.,"Obtain signature, company stamp, time received, and receiver's name.",Take a photo of the unloaded goods as proof.,Record the delivery details after returning to the office.,B,Ensure full and proper customer confirmation for every delivery.,0,1,0,Anda telah menyelesaikan penghantaran di tapak pelanggan.,Dapatkan tandatangan penerima sahaja.,"Dapatkan tandatangan, cap syarikat, masa terima dan nama penerima.",Ambil gambar barang yang telah diturunkan sebagai bukti.,Rekodkan butiran penghantaran selepas kembali ke pejabat.,Pastikan pengesahan penerimaan lengkap bagi setiap penghantaran.,3
"Before exiting the port with an import container, you observe a small hole and cut mark.",Record the condition in the gate pass.,Deliver first and report later.,Ignore it if cargo is not exposed.,Inform the customer upon arrival.,A,Declare any container damage in the gate pass before departure.,0.5,0,0.5,"Sebelum keluar dari pelabuhan dengan kontena import, anda mendapati terdapat lubang kecil dan kesan potongan pada kontena.",Rekodkan keadaan tersebut pada gate pass.,Hantar dahulu dan laporkan kemudian.,Abaikan jika muatan tidak terdedah.,Maklumkan kepada pelanggan apabila tiba.,Isytiharkan sebarang kerosakan kontena pada gate pass sebelum berlepas.,3
"Before exiting the port, you notice the container number differs in one document.",Exit and clarify after leaving the port.,"Stop, report to operations, and wait for instruction.",Amend the document yourself.,Proceed if the seal number matches.,B,Do not exit the port when container numbers mismatch.,0.5,0,0.5,"Sebelum keluar dari pelabuhan, anda mendapati nombor kontena berbeza pada satu dokumen.",Keluar dahulu dan jelaskan selepas meninggalkan pelabuhan.,"Berhenti, laporkan kepada bahagian operasi dan tunggu arahan lanjut.",Pinda dokumen sendiri.,Teruskan jika nombor seal sepadan.,Jangan keluar dari pelabuhan apabila nombor kontena tidak sepadan.,3
"Before departure, you find that the export container has no seal.",Install any available seal and proceed.,Inform operations and wait for instruction.,Proceed since cargo is already loaded.,Seal it yourself without reporting.,B,Report missing seals before moving an export container.,0.5,0,0.5,"Sebelum bertolak, anda mendapati kontena eksport tersebut tidak mempunyai seal.",Pasang sebarang seal yang ada dan teruskan perjalanan.,Maklumkan kepada bahagian operasi dan tunggu arahan lanjut.,Teruskan perjalanan kerana muatan telah dimuatkan.,Pasang seal sendiri tanpa membuat sebarang laporan.,Laporkan ketiadaan seal sebelum menggerakkan atau membawa kontena.,3
"After a collision, you are gathering information from the other driver.",Take the driver's contact number and identification details.,Record only the vehicle number.,Ask them to contact your office directly.,Leave once traffic clears.,A,Obtain necessary contact and identification details.,0.5,0,0.5,"Selepas pelanggaran, anda mengumpul maklumat daripada pemandu lain.",Ambil nombor telefon dan butiran pengenalan pemandu tersebut.,Catat nombor pendaftaran kenderaan sahaja.,Minta mereka hubungi pejabat anda secara terus.,Beredar apabila trafik kembali lancar.,Dapatkan nombor telefon dan butiran pengenalan yang diperlukan.,3
A fire on your vehicle becomes large and difficult to control.,Contact the fire brigade immediately.,Continue using the extinguisher repeatedly.,Wait for operations to arrive first.,Move the vehicle slightly before deciding.,A,Contact fire brigade when the fire escalates.,0.5,0,0.5,Kebakaran pada kenderaan anda menjadi besar dan sukar dikawal.,Hubungi pasukan bomba dengan segera.,Terus gunakan alat pemadam api berulang kali.,Tunggu bahagian operasi tiba dahulu.,Gerakkan kendaraan sedikit sebelum membuat keputusan.,Hubungi bomba apabila kebakaran menjadi besar dan tidak terkawal.,3
You approach a site entrance from a public road. The access lane is narrow and partially obstructed.,Maintain speed to avoid blocking traffic behind,Slow early and proceed when the path is clear,Move closer to assess space before stopping,Enter the access lane and adjust position inside,B,Slow early and confirm the path is clear before entering a constrained access point.,1,,,Anda menghampiri pintu masuk tapak dari jalan awam. Laluan masuk sempit dan sebahagiannya terhalang.,Kekalkan kelajuan untuk elakkan menghalang trafik di belakang,Perlahankan awal dan masuk apabila laluan jelas,Bergerak lebih dekat untuk menilai ruang sebelum berhenti,Masuk ke laluan dan laraskan kedudukan di dalam,Perlahankan kenderaan lebih awal dan pastikan laluan jelas sebelum memasuki laluan sempit.,4
You drive at night in heavy rain on a downhill road. Visibility is reduced and vehicles ahead slow unpredictably.,Reduce speed early for higher risk conditions,Maintain speed and rely on headlights and braking,Slow slightly and adjust if visibility worsens,Keep pace with the vehicle ahead,A,Reduce speed in poor visibility to maintain control.,0.75,0.25,,Anda memandu pada waktu malam dalam hujan lebat di jalan menurun. Pandangan terhad dan kenderaan di hadapan memperlahankan secara tidak menentu.,Kurangkan kelajuan lebih awal kerana keadaan berisiko tinggi,Kekalkan kelajuan dan bergantung pada lampu serta brek,Perlahankan sedikit dan sesuaikan kelajuan jika pandangan semakin terhad,Ikut kelajuan kenderaan di hadapan,Kurangkan kelajuan apabila pandangan terhad untuk kekalkan kawalan.,4
You arrive at a customer site. Access lanes are narrow and forklifts operate near the loading area.,Hold back until access is clearly available,Move forward slowly to secure a position near loading,Approach while keeping visible to site staff,Continue advancing to avoid delaying loading,A,Keep distance from constrained access and active loading areas.,0.75,0.25,,Anda tiba di tapak pelanggan. Laluan masuk sempit dan forklift beroperasi berhampiran kawasan pemuatan.,Tunggu di luar sehingga laluan benar-benar jelas,Bergerak perlahan untuk mendapatkan kedudukan berhampiran kawasan pemuatan,Hampiri kawasan tersebut dengan memastikan anda kelihatan oleh pekerja tapak,Terus bergerak untuk elakkan kelewatan proses pemuatan.,Kekalkan jarak dari laluan sempit dan kawasan loading aktif.,4
You drive inside a facility. Vehicles queue ahead and forklifts operate near the roadway.,Increase following distance and keep clear sight,Maintain spacing and close the gap if traffic slows,Reduce the gap to avoid blocking vehicles behind,Match the distance used by surrounding vehicles,A,Maintain extra spacing and clear sight near operating equipment.,0.75,0.25,,Anda memandu di dalam kawasan fasiliti. Kenderaan beratur di hadapan dan forklift beroperasi berhampiran laluan.,Tambah jarak kenderaan dan kekalkan pandangan jelas,Kekalkan jarak dan rapatkan jika trafik perlahan,Rapatkan jarak untuk elakkan menghalang kenderaan di belakang,Ikut jarak yang digunakan oleh kenderaan sekeliling,Kekalkan jarak tambahan dan pandangan jelas berhampiran jentera beroperasi.,4
You approach a busy site exit joining a public road. Space is tight and reversing may be needed to realign.,Edge forward to secure position and adjust if needed,"Stop, assess, and reverse slowly under control",Use the horn and continue moving,Reverse quickly before vehicles arrive,B,Stop and maintain full control before reversing near junctions.,0.5,0.5,,Anda menghampiri pintu keluar tapak yang bersambung dengan jalan awam. Ruang sempit dan mungkin perlu mengundur untuk melaras kedudukan.,Bergerak sedikit ke hadapan untuk mendapatkan kedudukan,"Berhenti, nilai keadaan, dan undur perlahan dengan kawalan",Gunakan hon dan terus bergerak,Undur dengan cepat sebelum kenderaan tiba,Berhenti dan kekalkan kawalan penuh sebelum mengundur berhampiran persimpangan.,4
"After a delivery, you find a required document was not completed according to company procedure.",Complete and correct the document before closing the job,Leave it since the delivery is already done,Make a brief note and update it later if needed,Proceed to the next task and rely on existing records,A,Complete documents correctly to maintain procedural compliance.,0.25,0.75,,"Selepas selesai penghantaran, anda mendapati dokumen yang diperlukan tidak dilengkapkan mengikut prosedur syarikat.",Lengkapkan dan betulkan dokumen sebelum menyelesaikan tugasan,Biarkan sahaja kerana penghantaran sudah selesai,Buat catatan ringkas dan kemas kini kemudian jika perlu,Teruskan ke tugasan seterusnya dan bergantung pada rekod sedia ada,Lengkapkan dokumen dengan betul memastikan pematuhan terhadap prosedur.,4
"Feeling unusually tired due to insufficient rest, you are about to enter a site with narrow internal lanes.",Delay site entry to take a short rest,Enter carefully and rely on slow speed,Proceed since the site is familiar,Enter and take breaks after the manoeuvre,A,Address fatigue before entering confined areas.,0.75,0.25,,Anda berasa amat letih kerana kurang rehat dan akan memasuki tapak dengan laluan dalaman sempit.,Tangguhkan kemasukan ke tapak untuk berehat seketika,Masuk dengan berhati-hati dan bergantung pada kelajuan rendah,Teruskan kerana tapak tersebut sudah biasa,Masuk dan berehat selepas selesai manuver,Atasi keletihan sebelum memasuki kawasan sempit.,4
"While waiting inside a site, an emergency alarm sounds and vehicles are directed to clear the area. Your engine is running.",Follow evacuation instructions and stop the engine when safe,Keep the engine running and leave quickly,Wait for clarification before acting,Continue idling until site personnel approach,A,Follow evacuation instructions and manage the vehicle safely.,0.25,0.75,,"Semasa menunggu di dalam tapak, penggera kecemasan berbunyi dan kenderaan diarahkan mengosongkan kawasan. Enjin anda masih hidup.",Ikut arahan pemindahan dan matikan enjin apabila selamat,Kekalkan enjin hidup dan keluar dengan cepat,Tunggu penjelasan lanjut sebelum bertindak,Terus hidupkan enjin sehingga kakitangan tapak datang,Ikut arahan pemindahan dan kendalikan kenderaan dengan selamat.,4
You arrive at a customer premise and are told unloading will take longer than expected. The vehicle is parked safely.,Switch off the engine while waiting,Keep the engine running to be ready to move,Rev the engine occasionally,Leave the engine idling and monitor the situation,A,Switch off the engine during long waiting periods.,0.75,0.25,,Anda tiba di tempat pelanggan dan dimaklumkan proses memunggah keluar akan mengambil masa lebih lama daripada jangkaan. Kenderaan telah diparkir dengan selamat.,Matikan enjin semasa menunggu,Biarkan enjin hidup untuk bersedia bergerak,Tekan minyak sekali-sekala,Biarkan enjin melahu sambil memantau keadaan,Matikan enjin semasa menunggu lama untuk mengelakkan pembaziran bahan api.,4
"While driving, you notice unusual vibration and a new mechanical noise from the vehicle.",Continue driving and observe if the noise disappears,Stop safely and report the issue clearly to the supervisor,Reduce speed and complete the trip as planned,Mention the issue during the next scheduled check,B,Early detection and clear reporting help prevent minor issues from becoming safety risks.,0.25,0.5,0.25,"Semasa memandu, anda merasakan getaran tidak normal dan bunyi mekanikal baharu daripada kenderaan.",Teruskan memandu dan lihat sama ada bunyi itu hilang,Berhenti di tempat selamat dan laporkan masalah kepada penyelia,Kurangkan kelajuan dan teruskan perjalanan seperti dirancang,Nyatakan masalah semasa pemeriksaan seterusnya,Pengesanan awal dan laporan yang jelas membantu mengelakkan masalah kecil menjadi risiko keselamatan.,4
"At a site checkpoint, you notice a vehicle defect just before being cleared to proceed.",Proceed through the checkpoint and report the defect afterwards,Stop at the checkpoint and report the defect immediately,Move past the checkpoint and assess the defect inside,Request guidance while remaining in the queue,B,Reporting defects at checkpoints prevents unsafe entry into controlled zones.,0.5,0.5,,"Di checkpoint tapak, anda perasan ada kerosakan pada kenderaan sejurus sebelum dibenarkan bergerak.",Terus melepasi checkpoint dan laporkan kerosakan kemudian,Berhenti di checkpoint dan laporkan kerosakan segera,Lepasi checkpoint dan periksa kerosakan di dalam,Minta panduan sambil kekal dalam barisan,Laporkan kerosakan sebelum bergerak untuk elakkan risiko semasa masuk atau keluar kawasan terkawal.,4
A staff member at the delivery premise hints that a small personal favour could speed up your delivery process.,Decline politely and follow standard procedures,Accept the request to maintain good customer relations,Delay the decision and see how the situation develops,Refer the matter to another driver on site,A,Following standard procedures protects fairness and avoids improper influence.,,0.25,0.75,Seorang pekerja di tempat pelanggan mencadangkan bahawa bantuan peribadi kecil boleh mempercepatkan proses penghantaran.,Tolak dengan sopan dan ikut prosedur biasa,Terima permintaan itu untuk jaga hubungan pelanggan,Tangguhkan keputusan dan lihat perkembangan keadaan,Rujuk perkara itu kepada pemandu lain di tapak,Mengikut prosedur biasa membantu kekalkan keadilan dan elakkan pengaruh yang tidak wajar.,4
"After a delivery, you notice the recorded details do not fully match what occurred.",Clarify the discrepancy and update the records accurately,Leave the records unchanged to avoid reopening the discussion,Add brief notes later so the paperwork roughly reflects events,Ask someone else to adjust the documents if needed,A,Correct records promptly to ensure accuracy and prevent misunderstandings.,,0.5,0.5,"Selepas penghantaran, anda mendapati butiran yang direkod tidak sepenuhnya sepadan dengan apa yang berlaku.",Jelaskan perbezaan dan kemas kini rekod dengan tepat,Biarkan rekod seperti itu untuk elakkan perbincangan dibuka semula,Tambah catatan ringkas kemudian supaya dokumen lebih kurang mencerminkan keadaan sebenar,Minta orang lain mengubah dokumen jika perlu,Betulkan rekod dengan segera untuk memastikan ketepatan dan mengelakkan salah faham.,4
"After unloading in a public street, a nearby shop owner asks you to record a shorter stop time to avoid complaints.",Record the actual stop time and submit the document as required,Shorten the recorded time since unloading is already completed,Leave the timing unclear so it does not attract attention,Explain the situation verbally and minimise what is written,A,"Accurate records uphold accountability, even when there is public pressure.",,0.25,0.75,"Selepas memunggah muatan di tepi jalan awam, seorang pemilik kedai meminta anda merekod masa berhenti yang lebih singkat untuk elakkan aduan.",Catat masa berhenti sebenar dan serahkan dokumen seperti dikehendaki,Pendekkan masa yang direkod kerana proses memunggah sudah selesai,Biarkan catatan masa tidak jelas supaya tidak menarik perhatian,Jelaskan secara lisan dan kurangkan maklumat bertulis,Catatan yang tepat membantu kekalkan tanggungjawab walaupun ada tekanan dari luar.,4
You are driving through a residential area where pedestrians are present and traffic is light.,Maintain an appropriate speed and remain mindful of people nearby,Drive slightly faster to clear the area quickly,Match the flow of traffic and continue as usual,Focus on the road ahead and avoid reacting to bystanders,A,Reducing speed in residential areas shows consideration for pedestrian safety.,0.25,0.25,0.5,Anda memandu melalui kawasan perumahan dengan kehadiran pejalan kaki dan trafik yang ringan.,Kekalkan kelajuan yang sesuai dan peka terhadap orang di sekeliling,Pandu sedikit lebih laju untuk keluar dari kawasan itu dengan cepat,Ikut aliran trafik dan teruskan seperti biasa,Fokus ke hadapan dan abaikan pergerakan orang di tepi jalan,Mengurangkan kelajuan di kawasan perumahan menunjukkan keprihatinan terhadap keselamatan pejalan kaki.,4
"You intend to change lanes, but another driver in your blind spot appears unsure of your intention.",Signal early and wait until the other driver responds before moving,Drift slightly to indicate intention and move when space appears,Check mirrors again and change lanes once traffic slows,Hold position and change lanes later without signalling,A,Clear signalling helps other drivers understand your intention and reduces uncertainty during lane changes.,0.25,0.25,0.5,"Anda bercadang untuk menukar lorong, namun pemandu di titik buta kelihatan tidak pasti tentang niat anda.",Beri isyarat awal dan tunggu sehingga diberi ruang,Hanyut sedikit ke sisi untuk menunjukkan niat dan masuk apabila ada ruang,Periksa cermin sekali lagi dan tukar lorong apabila trafik menjadi perlahan,Kekalkan kedudukan dan tukar lorong kemudian tanpa memberi isyarat,Isyarat yang jelas membantu pemandu lain memahami niat anda dan mengurangkan ketidakpastian semasa menukar lorong.,4
"Another driver cuts in suddenly, forcing you to brake, then begins gesturing angrily at you.",Regain composure and continue driving without reacting,Respond briefly to show you were affected by the move,Accelerate to move away from the situation,Slow further to signal your frustration,A,Maintaining composure and not reacting helps prevent aggressive situations from escalating.,0.25,,0.75,"Seorang pemandu memotong masuk secara tiba-tiba sehingga anda terpaksa membrek, kemudian menunjukkan isyarat marah kepada anda.",Tenangkan diri dan teruskan pemanduan tanpa memberi respons,Beri respons ringkas untuk menunjukkan anda terkesan,Tambah kelajuan untuk menjauhkan diri daripada situasi,Perlahankan lagi kenderaan sebagai tanda tidak puas hati,Mengekalkan ketenangan dan tidak bertindak balas membantu mengelakkan situasi agresif daripada menjadi lebih tegang.,4
"You plan to install a sun shade, dark tint film, or stickers on the company truck windscreen.",Install them if they do not block the main driving view.,Do not install them without company approval.,Use removable shades only during daytime driving.,Check whether other drivers have done similar modifications.,B,Avoid unauthorised vehicle modifications that may affect safety or compliance.,0.5,0.5,0,"Anda bercadang memasang pelindung matahari, filem gelap, atau pelekat pada cermin hadapan lori syarikat.",Pasang jika tidak menghalang pandangan utama ketika memandu.,Jangan pasang tanpa kelulusan syarikat.,Gunakan pelindung yang boleh ditanggalkan pada waktu siang sahaja.,Periksa sama ada pemandu lain pernah membuat pengubahsuaian yang sama.,Elakkan pengubahsuaian pada kenderaan tanpa kelulusan yang boleh menjejaskan keselamatan atau pematuhan.,4
Your goods vehicle is experiencing failure on a highway and you have stopped on the left shoulder.,Remain inside and assess the situation first.,Switch on the hazard lights immediately.,Call your supervisor before taking further action.,Step out briefly to check approaching traffic.,B,Activate hazard lights promptly to alert approaching traffic.,0.5,0,0.5,Kenderaan barangan anda mengalami kerosakan di lebuh raya dan anda telah berhenti di bahu jalan sebelah kiri.,Kekal di dalam kenderaan dan nilai keadaan terlebih dahulu.,Hidupkan lampu kecemasan dengan segera.,Hubungi penyelia sebelum mengambil tindakan lanjut.,Keluar sebentar untuk memeriksa trafik yang menghampiri.,Hidupkan lampu kecemasan segera untuk memberi amaran kepada pengguna jalan lain.,4
Your vehicle is due for scheduled maintenance according to the company/manufacturer's manual.,Continue operating since the vehicle is running smoothly.,Follow the scheduled maintenance requirement.,Postpone the service until the next trip cycle.,Wait for further confirmation before arranging service.,B,Follow the company/manufacturer's maintenance schedule as required.,0.5,0,0.5,Kenderaan anda telah tiba masa menjalani penyelenggaraan berjadual mengikut manual syarikat atau pengeluar.,Terus beroperasi kerana kenderaan masih berfungsi dengan baik.,Patuhi keperluan penyelenggaraan berjadual.,Tangguhkan servis sehingga kitaran perjalanan seterusnya.,Tunggu pengesahan lanjut sebelum mengaturkan servis.,Patuhi jadual penyelenggaraan yang ditetapkan oleh syarikat atau pengeluar.,4
You are involved in a minor incident during vehicle operation.,Report the incident within 2 hours as required.,Report it at the end of the workday.,Report only if damage is visible.,Wait until instructed before reporting.,A,Report accidents or incidents within the required reporting timeframe.,0,0,0.5,Anda terlibat dalam satu insiden kecil semasa mengendalikan kenderaan.,Laporkan insiden dalam tempoh 2 jam seperti yang ditetapkan.,Laporkan pada akhir hari kerja.,Laporkan hanya jika terdapat kerosakan yang dapat dilihat.,Tunggu arahan sebelum membuat laporan.,Laporkan kemalangan atau insiden dalam tempoh masa pelaporan yang ditetapkan.,4
You are about to start driving the vehicle.,Fasten the seat belt before moving.,Drive first and fasten it later.,Wear it only on highways.,Use it only when carrying heavy cargo.,A,Always wear the seat belt before driving.,0,1,0,Anda hendak memulakan pemanduan kenderaan.,Pakai tali pinggang keledar sebelum bergerak.,Mula memandu dan pakai kemudian.,Pakai hanya di lebuh raya.,Pakai hanya apabila membawa muatan berat.,Pakai tali pinggang keledar sebelum memandu.,4
You are reporting for duty after several weeks without a haircut.,Maintain short and neat hair as required.,Keep long hair if tied properly.,Trim only when reminded by HR.,Maintain appearance only for inspections.,A,Maintain neat and appropriate grooming for duty.,0.5,0,0.5,Anda melapor diri untuk bertugas selepas beberapa minggu tanpa memotong rambut.,Pastikan rambut sentiasa pendek dan kemas seperti yang ditetapkan.,Simpan rambut panjang asalkan diikat dengan kemas.,Potong rambut hanya apabila diingatkan oleh pihak sumber manusia (HR).,Jaga penampilan hanya semasa pemeriksaan dijalankan.,Kekalkan penampilan yang kemas dan sesuai semasa bertugas.,4
You arrive at a delivery location and notice the address differs from the delivery note.,Deliver to the new address if the customer confirms verbally.,Contact operations for confirmation before proceeding.,Deliver if the location is nearby.,Leave the goods with the person present at the site.,B,Verify address changes with operations before delivery.,0,1,0,Anda tiba di lokasi penghantaran dan mendapati alamat berbeza daripada yang tertera pada nota penghantaran.,Hantar ke alamat baharu jika pelanggan mengesahkan secara lisan.,Hubungi bahagian operasi untuk pengesahan sebelum meneruskan penghantaran.,Hantar jika lokasi berhampiran.,Tinggalkan barang kepada individu yang berada di tapak.,Sahkan sebarang perubahan alamat dengan bahagian operasi sebelum membuat penghantaran.,4
"You notice a crack, repair mark, and slight bulging on an import container panel.",Record the condition in the gate pass.,Proceed if the door locks properly.,Report only if damage worsens.,Assume it was previously declared.,A,Record abnormal container conditions in the gate pass.,0.5,0,0.5,"Anda mendapati terdapat rekahan, kesan pembaikan dan sedikit bonjolan pada panel sebuah kontena import.",Rekodkan keadaan tersebut pada gate pass.,Teruskan perjalanan jika pintu boleh dikunci dengan baik.,Laporkan hanya jika kerosakan menjadi lebih teruk.,Anggap keadaan tersebut telah diisytiharkan sebelum ini.,Rekodkan sebarang keadaan kontena yang tidak normal pada gate pass sebelum bertolak/meneruskan perjalanan.,4
"Before moving the container, you inspect the seal.",Ensure the seal is intact and secured.,Proceed if the container door is locked.,Check the seal only at delivery point.,Rely on previous documentation.,A,Ensure the container seal is intact before movement.,0.5,0,0.5,"Sebelum menggerakkan kontena, anda memeriksa seal.",Pastikan seal dalam keadaan baik dan dikunci dengan betul.,Teruskan perjalanan jika pintu kontena telah dikunci.,Periksa seal hanya di lokasi penghantaran.,Bergantung kepada dokumentasi terdahulu.,Pastikan seal dalam keadaan baik sebelum menggerakkan kontena.,4
"After confirming the seal on a loaded export container, what should you do next?",Inform operations of the seal number.,Proceed directly to the port.,Record it only in your trip log.,Provide the seal number at delivery.,A,Inform operations of the seal number for system update.,0.5,0,0.5,"Selepas mengesahkan seal pada kontena eksport yang telah dimuatkan, apakah tindakan seterusnya?",Maklumkan nombor seal kepada bahagian operasi.,Terus bergerak ke pelabuhan.,Rekodkan nombor seal hanya dalam log perjalanan sahaja.,Berikan nombor seal semasa penghantaran.,Maklumkan nombor seal kepada bahagian operasi untuk kemas kini sistem.,4
"Following a collision, what photographic evidence should you collect?",Photos of the scene and vehicles involved.,Only your own vehicle damage.,A photo after vehicles are moved.,No photos if witnesses are present.,A,Take clear photos of the accident scene and vehicles.,0.5,0,0.5,"Selepas pelanggaran, bukti gambar apakah yang perlu anda ambil?",Gambar lokasi kejadian dan kenderaan yang terlibat.,Gambar kerosakan kenderaan anda sahaja.,Gambar selepas kenderaan dialihkan.,Tidak perlu ambil gambar jika ada saksi.,Ambil gambar yang jelas bagi lokasi kejadian dan kenderaan yang terlibat.,4
"After a road accident, the Emergency Response Team contacts you.","Provide clear details of what happened, time, location, and vehicles involved.",Inform them only that an accident occurred.,Ask them to obtain details from witnesses.,Provide information after returning to depot.,A,Provide clear and accurate accident details immediately.,0.5,0,0.5,"Selepas kemalangan jalan raya, Pasukan Tindak Balas Kecemasan menghubungi anda.","Berikan maklumat jelas tentang apa yang berlaku, masa, lokasi dan kenderaan yang terlibat.",Maklumkan bahawa kemalangan telah berlaku sahaja.,Minta mereka mendapatkan maklumat daripada saksi.,Berikan maklumat selepas kembali ke depot.,Berikan maklumat kemalangan yang jelas dan tepat dengan segera.,4
You drive inside a terminal lane where RTG lifting and yard vehicles are moving.,Maintain speed and pass while watching the RTG,Reduce speed early and pass cautiously,Continue at moderate speed and adjust if equipment moves closer,Slow slightly but keep moving to avoid delaying traffic,B,Reduce speed early near lifting activity to manage sudden equipment movement safely.,0.75,0.25,,Anda memandu di laluan terminal di mana RTG beroperasi dan kenderaan yard sedang bergerak.,Kekalkan kelajuan dan lalu sambil memerhati RTG,Kurangkan kelajuan lebih awal dan lalu dengan berhati-hati,Teruskan pada kelajuan sederhana dan laras jika RTG menghampiri,Perlahankan sedikit tetapi terus bergerak untuk elakkan kelewatan trafik,Kurangkan kelajuan lebih awal berhampiran aktiviti jentera untuk mengendalikan pergerakan jentera secara selamat.,5
You drive in slow traffic. A driver cuts in and brakes sharply.,Reduce speed smoothly and keep a safe pace,Maintain speed to avoid being pushed back,"Slow briefly, then speed up to create space",Adjust speed after traffic settles,A,Calm speed control prevents impulsive reactions in frustrating traffic.,0.5,0.25,0.25,Anda memandu dalam trafik perlahan. Seorang pemandu memotong masuk dan membrek secara mengejut.,Kurangkan kelajuan secara lancar dan kekalkan kelajuan selamat,Kekalkan kelajuan untuk mengelak daripada didorong ke belakang.,Perlahankan seketika kemudian tambah kelajuan untuk mewujudkan ruang di hadapan,Sesuaikan kelajuan selepas trafik kembali stabil,Kawalan kelajuan yang tenang membantu mengelakkan tindak balas impulsif dalam trafik.,5
You are in an active loading area during heavy rain. Surfaces are wet and equipment operates nearby.,Stay clear of the loading area until conditions stabilise,Proceed carefully while adjusting pace for the weather,Move closer to monitor equipment movement,Continue approaching so loading can proceed,A,Keep clear of loading activity when weather increases risk.,0.75,0.25,,Anda berada di kawasan pemuatan aktif semasa hujan lebat. Permukaan basah dan jentera beroperasi berhampiran.,Kekal jauh dari kawasan pemuatan sehingga keadaan stabil,Teruskan dengan berhati-hati sambil laraskan kelajuan,Bergerak lebih dekat untuk memantau pergerakan jentera,Terus menghampiri supaya proses pemuatan boleh diteruskan,Kekalkan jarak dari aktiviti pemuatan apabila keadaan cuaca meningkatkan risiko.,5
You move from an internal roadway toward a loading area. Obstructions and movement change around you.,Slow early and adjust your path to surrounding movement,Maintain pace and react when a hazard appears,Focus on the path ahead and reassess inside,Follow vehicles ahead that pass smoothly,A,Anticipate early and adjust space to avoid sudden reactions.,1,,,Anda bergerak dari laluan dalaman menuju kawasan pemunggahan. Halangan dan pergerakan berubah di sekeliling.,Perlahankan kenderaan lebih awal dan sesuaikan laluan mengikut pergerakan sekitar,Kekalkan kelajuan dan bertindak apabila bahaya muncul,Fokus pada laluan di hadapan dan nilai semula selepas masuk,Ikut kenderaan di hadapan yang melalui kawasan dengan lancar,Jangka lebih awal dan sesuaikan ruang untuk elakkan tindak balas mengejut.,5
"At a security checkpoint, the vehicle ahead is being cleared and the guard signals you to move closer.",Close the gap to speed up clearance,Keep a safe following distance,Stop directly behind the vehicle,Move slowly and rely on the guard to manage spacing,B,Checkpoint instructions do not replace safe spacing.,,0.5,0.5,"Di pusat pemeriksaan keselamatan, kenderaan di hadapan sedang diperiksa dan pengawal memberi isyarat supaya anda bergerak lebih dekat.",Rapatkan jarak untuk mempercepatkan pemeriksaan,Kekalkan jarak selamat dengan kenderaan di hadapan,Berhenti tepat di belakang kenderaan,Bergerak perlahan dan bergantung pada pengawal untuk mengawal jarak,Arahan pusat pemeriksaan tidak menggantikan disiplin jarak selamat.,5
"After a delivery, you are stopped for inspection and asked to present your documents. One document was completed late but is accurate.",Present the documents and clarify the late entry,Hand over the documents without mentioning the late entry,Say the document was completed earlier,Offer to update the document later,A,Present accurate documents and clarify issues during inspections.,,0.75,0.25,"Selepas penghantaran, anda ditahan untuk pemeriksaan dan diminta menunjukkan dokumen. Satu dokumen dilengkapkan lewat tetapi maklumatnya tepat.",Tunjukkan dokumen dan jelaskan tentang pengisian lewat,Serahkan dokumen tanpa memaklumkan tentang kelewatan pengisian,Nyatakan bahawa dokumen telah dilengkapkan lebih awal,Tawarkan untuk mengemas kini dokumen kemudian,Tunjukkan dokumen yang tepat dan jelaskan perkara berkaitan semasa pemeriksaan.,5
"While driving inside a site, you see a posted speed limit.",Adjust speed to comply with the posted limit,Maintain current speed since traffic is light,Reduce speed slightly but continue comfortably,Match the speed of other vehicles,A,Follow posted speed limits inside operational sites.,0.5,0.5,,"Semasa memandu di dalam tapak, anda melihat had laju yang dipaparkan.",Laraskan kelajuan untuk mematuhi had laju yang dipaparkan,Kekalkan kelajuan kerana trafik ringan,Kurangkan kelajuan sedikit tetapi teruskan dengan selesa,Ikut kelajuan kenderaan lain,Patuhi had laju yang ditetapkan di dalam kawasan operasi.,5
"After a pre-trip inspection, you feel an unusual vibration while driving.",Stop and recheck the vehicle before continuing,Continue driving since the inspection showed no problems,Complete the trip and report it at the end of the shift,Ignore it unless a warning indicator appears,A,Unusual vehicle behaviour requires immediate checking.,0.5,0.5,,"Selepas pemeriksaan sebelum perjalanan, anda merasakan getaran tidak biasa semasa memandu.",Berhenti dan periksa semula kenderaan,Terus memandu kerana pemeriksaan awalan dibuat,Selesaikan perjalanan dan laporkan pada akhir syif,Abaikan kecuali lampu amaran muncul,Perubahan mekanikal kenderaan perlu diperiksa segera.,5
"At the end of your shift, the vehicle cabin is cluttered with items.",Tidy the cabin and leave it ready for the next driver,Leave the cabin since the shift has ended,Remove personal items and clean it the next shift,Clean only if the next driver is known,A,Leave the cabin orderly for the next user or the next shift,,0.5,0.5,"Pada akhir syif, kabin kenderaan berselerak dengan barang.",Kemas kabin dan sediakan untuk pemandu seterusnya,Biarkan kabin kerana syif telah tamat,Ambil barang peribadi dan kemakan kabin keesokan hari,Bersihkan hanya jika pemandu seterusnya dikenali,Tinggalkan kabin dalam keadaan kemas untuk pengguna seterusnya.,5
"Before departure, you identify a cargo safety concern while another party pressures you to move immediately.",Proceed carefully to avoid further discussion,Address the safety concern and explain the delay calmly,Agree to move briefly to reduce tension,Remain silent and delay action,B,Address safety concerns first while responding calmly to others.,0.25,0.25,0.5,"Sebelum berlepas, anda mengenal pasti isu keselamatan muatan sementara pihak lain mendesak anda bergerak segera.",Teruskan dengan berhati-hati untuk elakkan perbincangan lanjut,Tangani isu keselamatan muatan dan jelaskan kelewatan dengan tenang,Setuju bergerak seketika untuk mengurangkan ketegangan,Berdiam diri dan tangguhkan tindakan,Utamakan keselamatan sambil bertindak balas dengan tenang kepada pihak lain.,5
"While reversing slowly inside a site, you notice steering response feels abnormal.",Continue reversing carefully to clear the area,Stop the manoeuvre and assess the defect,Complete the reverse and report afterward,Reduce speed further and keep moving,B,Stopping immediately when a defect is felt during manoeuvres prevents damage and injury.,0.75,0.25,,"Semasa mengundur perlahan di dalam tapak, anda merasakan tindak balas stereng tidak normal.",Terus mengundur dengan berhati-hati untuk lepasi kawasan itu,Hentikan manuver dan periksa keadaan,Selesaikan undur dan laporkan selepas itu,Kurangkan lagi kelajuan dan teruskan bergerak,Hentikan kenderaan apabila terasa tanda tidak normal semasa manuver untuk elakkan kerosakan dan kecederaan.,5
A customer becomes verbally aggressive after being told the delivery cannot proceed as requested.,Respond firmly to assert your position,"Stay calm, acknowledge concerns, and explain the situation clearly",End the conversation and walk away,Repeat company policy without further engagement,B,Staying calm and acknowledging concerns helps prevent escalation and keeps the situation under control.,,,1,Seorang pelanggan bercakap secara agresif selepas dimaklumkan bahawa penghantaran tidak dapat diteruskan seperti diminta.,Jawab dengan tegas untuk pertahankan pendirian,"Kekal tenang, dengar perkara yang dibangkitkan dan terangkan keadaan dengan jelas",Tamatkan perbualan dan beredar,Ulang dasar syarikat tanpa perbincangan lanjut,Kekal tenang dan beri penjelasan yang jelas membantu elakkan keadaan menjadi lebih tegang dan kekalkan kawalan situasi.,5
"During unloading, a site worker suggests a small personal favour to speed up the process.",Decline politely and continue unloading as required,Agree briefly since it may help everyone finish faster,Avoid responding directly and keep working to reduce attention,Suggest handling the request later to keep things moving,A,Declining improper requests helps maintain integrity and fair working practices.,,0.25,0.75,"Semasa proses memunggah, seorang pekerja tapak mencadangkan bantuan peribadi kecil untuk mempercepatkan proses.",Tolak dengan sopan dan teruskan proses memunggah seperti dikehendaki,Setuju seketika kerana ia mungkin mempercepatkan kerja,Elakkan memberi respons secara langsung dan teruskan kerja,Cadangkan urus perkara itu kemudian supaya kerja berjalan,Menolak permintaan yang tidak sesuai membantu kekalkan integriti dan amalan kerja yang adil.,5
"During a delivery discussion, someone becomes upset after you refuse an improper request.",Restate your position calmly and keep the discussion respectful,Explain in detail why the request is wrong and unacceptable,End the discussion abruptly to avoid further disagreement,Respond firmly to make it clear the matter is closed,A,Holding your position calmly helps resolve issues without escalating conflict.,,0.25,0.75,"Semasa perbincangan penghantaran, seseorang menjadi tidak puas hati selepas anda menolak permintaan yang tidak sesuai.",Nyatakan semula pendirian anda dengan tenang dan kekalkan perbincangan secara hormat,Terangkan dengan terperinci mengapa permintaan itu salah dan tidak boleh diterima,Tamatkan perbincangan secara mendadak untuk elak pertelingkahan lanjut,Beri respons dengan tegas supaya jelas perkara itu telah selesai,Kekalkan pendirian dengan tenang untuk selesaikan isu tanpa meningkatkan ketegangan.,5
"A driver behind you flashes headlights repeatedly and gestures, appearing impatient with your speed.",Keep your speed steady and avoid responding to the behaviour,Speed up slightly so the situation does not turn into an argument,Change lanes when possible to prevent further confrontation,React briefly to signal you have noticed the other driver,A,Maintaining steady driving and not reacting helps prevent conflicts from escalating.,0.25,0.25,0.5,"Seorang pemandu di belakang anda berulang kali memberi lampu tinggi dan membuat isyarat, kelihatan tidak sabar dengan kelajuan anda.",Kekalkan kelajuan secara konsisten dan elakkan memberi respons,Tambah sedikit kelajuan supaya keadaan tidak menjadi tegang,Tukar lorong apabila selamat untuk mengelakkan konfrontasi,Beri respons ringkas untuk menunjukkan anda sedar akan kehadirannya,Pemanduan yang stabil dan tidak bertindak balas membantu mengelakkan situasi daripada menjadi tegang.,5
"You slow to turn near pedestrians, and nearby road users appear unsure of your intention.",Signal early and make the turn carefully,Slow further to see how others react,Turn once there is space without signalling,Edge forward slightly to show what you intend to do,A,Early signalling helps pedestrians and other road users understand your intention and stay safe.,0.25,,0.75,"Anda memperlahankan kenderaan untuk membelok berhampiran pejalan kaki, dan pengguna jalan lain kelihatan tidak pasti tentang niat anda.",Beri isyarat awal dan belok secara cermat,Perlahankan lagi untuk melihat reaksi orang lain,Belok apabila ada ruang tanpa memberi isyarat,Gerak sedikit ke hadapan untuk menunjukkan niat,Isyarat awal membantu pejalan kaki dan pengguna jalan lain memahami niat anda dan kekal selamat.,5
"A vehicle cuts in sharply, making you angry. You need to change lanes while drivers around you are unsure of your intention.",Regain composure and signal clearly before changing lanes,Change lanes quickly to get away from the situation,Sound the horn briefly to express frustration,Hold your lane without signalling until traffic settles,A,Clear signalling after regaining composure helps others understand your intentions and keeps traffic moving safely.,0.25,0.25,0.5,Sebuah kenderaan memotong masuk secara mengejut sehingga anda berasa marah. Anda perlu menukar lorong ketika pemandu lain di sekitar tidak pasti tentang niat anda.,Tenangkan diri dan beri isyarat dengan jelas sebelum menukar lorong,Tukar lorong dengan cepat untuk menjauhkan diri daripada situasi,Bunyi hon seketika untuk meluahkan rasa tidak puas hati,Kekalkan lorong tanpa memberi isyarat sehingga trafik kembali stabil,Isyarat yang jelas selepas menenangkan diri membantu pemandu lain memahami niat anda dan memastikan aliran trafik kekal selamat.,5
You have completed 8 hours of driving for the day and one nearby delivery remains.,Continue driving to complete the final delivery.,Stop driving and report reaching the daily limit.,Drive for another 30 minutes before stopping.,Reduce speed and complete the delivery carefully.,B,Follow driving hour limits to maintain safety and compliance.,0.5,0,0,Anda telah memandu selama 8 jam pada hari tersebut dan satu penghantaran berhampiran masih belum selesai.,Terus memandu untuk menyelesaikan penghantaran terakhir.,Hentikan pemanduan dan laporkan bahawa had harian telah dicapai.,Memandu lagi selama 30 minit sebelum berhenti.,Kurangkan kelajuan dan selesaikan penghantaran dengan berhati-hati.,Patuhi had waktu pemanduan untuk menjaga keselamatan dan pematuhan.,5
Your goods vehicle is experiencing failure at night and you need to step out.,Exit quickly to place warning devices.,Wear a safety vest before exiting.,Stand beside the vehicle and observe traffic.,Use your phone light while walking behind the vehicle.,B,Ensure personal visibility before exiting to reduce roadside risk.,0.5,0,0.5,Kenderaan barangan anda mengalami kerosakan pada waktu malam dan anda perlu keluar dari kenderaan.,Keluar dengan segera untuk meletakkan alat amaran.,Pakai jaket keselamatan sebelum keluar.,Berdiri di sebelah kenderaan dan perhatikan trafik.,Gunakan lampu telefon bimbit semasa berjalan di belakang kenderaan.,Pastikan anda mudah dilihat sebelum keluar bagi mengurangkan risiko di tepi jalan.,5
"During inspection, you notice the fire extinguisher has passed its expiry date.",Keep using it since it has not been discharged.,Replace it with a compliant 9kg extinguisher within validity.,Replace it with a compliant 6kg extinguisher within validity.,Replace it with a compliant 12kg extinguisher within validity.,B,Ensure the required fire extinguisher meets the approved specification and validity.,0,1,0,"Semasa pemeriksaan, anda mendapati alat pemadam api telah melepasi tarikh luput.",Terus gunakan kerana ia belum pernah digunakan.,Gantikan dengan alat pemadam api 9kg yang mematuhi spesifikasi dan masih dalam tempoh sah.,Gantikan dengan alat pemadam api 6kg yang mematuhi spesifikasi dan masih dalam tempoh sah.,Gantikan dengan alat pemadam api 12kg yang mematuhi spesifikasi dan masih dalam tempoh sah.,Pastikan alat pemadam api yang diperlukan mematuhi spesifikasi dan tempoh sah yang ditetapkan.,5
You are asked to modify the vehicle's GPS tracking or speedometer settings.,Make the adjustment if it improves convenience.,Refuse any modification that violates safety or company protocol.,Adjust the settings temporarily and restore them later.,Modify only if other drivers have done so.,B,Do not alter vehicle systems against safety rules or company protocol.,0.5,0,0.5,Anda diminta untuk mengubah suai tetapan sistem GPS atau meter kelajuan kenderaan.,Buat pelarasan jika ia memudahkan urusan.,Tolak sebarang pengubahsuaian yang melanggar peraturan keselamatan atau prosedur syarikat.,Ubah tetapan sementara dan pulihkan kemudian.,Buat pengubahsuaian hanya jika pemandu lain pernah melakukannya.,Jangan mengubah suai sistem kenderaan yang bertentangan dengan peraturan keselamatan atau prosedur syarikat.,5
You are selected for a random blood and urine test during duty.,Cooperate and undergo the test as required.,Request to postpone the test to another day.,Refuse the test because it is unlawful.,Agree only if other drivers are tested first.,A,Comply with random substance testing as required.,0.5,0,0.5,Anda dipilih untuk menjalani ujian darah dan air kencing secara rawak semasa bertugas.,Berikan kerjasama dan jalani ujian tersebut seperti yang dikehendaki.,Minta supaya ujian ditangguhkan ke hari lain.,Tolak ujian tersebut kerana ia tidak sah di sisi undang-undang.,Bersetuju hanya jika pemandu lain diuji terlebih dahulu.,Patuhi ujian saringan bahan terlarang secara rawak seperti yang ditetapkan.,5
You are starting your work shift for the day.,Record your attendance at the end of the shift.,Record your attendance at the beginning and end of the shift.,Inform your supervisor.,Record attendance only when requested.,B,Record attendance properly at the start and end of duty.,0.5,0,0.5,Anda memulakan syif kerja pada hari tersebut.,Rekodkan kehadiran pada akhir syif.,Rekodkan kehadiran pada awal dan akhir syif.,Maklumkan kepada penyelia.,Rekodkan kehadiran hanya apabila diminta.,Rekod kehadiran dengan betul pada awal dan akhir tugas.,5
"Before departing with a container, you notice visible damage on its exterior.",Proceed since the container is already sealed.,Record the damage in the required document.,Inform the customer verbally and continue.,Proceed if the cargo inside appears intact.,B,Record any container damage before proceeding.,0.5,0,0.5,Anda akan bertolak dengan sebuah kontena namun mendapati terdapat kerosakan yang jelas pada bahagian luarnya.,Teruskan perjalanan kerana kontena telah dimeterai.,Rekodkan kerosakan dalam dokumen yang diperlukan.,Maklumkan pelanggan secara lisan dan teruskan perjalanan.,Teruskan jika muatan di dalam kelihatan baik.,Rekodkan sebarang kerosakan kontena sebelum meneruskan perjalanan.,5
"While inspecting a reefer import container, you notice the power cable appears damaged.",Record the issue in the gate pass before exiting.,Continue if temperature display is normal.,Inform operations after delivery.,Secure it temporarily and proceed.,A,Record any reefer equipment damage in the gate pass before departure.,0.5,0,0.5,"Semasa memeriksa kontena import berpendingin, anda mendapati kabel kuasa kelihatan rosak.",Catat isu tersebut pada gate pass sebelum keluar.,Teruskan perjalanan jika paparan suhu normal.,Maklumkan kepada bahagian operasi selepas penghantaran.,Ikat sementara dan teruskan perjalanan.,Catat sebarang kerosakan peralatan kontena import berpendingin pada gate pass sebelum berlepas.,5
"Before departure, you notice there is no seal on the container.",Install any available seal and continue.,Report to operations and wait for instruction.,Proceed if the cargo appears secured.,Inform the customer after delivery.,B,Report missing seals before moving the container.,0.5,0,0.5,"Sebelum bertolak, anda mendapati tiada seal pada kontena.",Pasang mana-mana seal yang ada dan teruskan perjalanan.,Laporkan kepada bahagian operasi dan tunggu arahan lanjut.,Teruskan perjalanan jika muatan kelihatan selamat.,Maklumkan kepada pelanggan selepas penghantaran.,Laporkan seal yang tiada sebelum menggerakkan kontena.,5
You are hauling a loaded export container to the designated port.,Drive directly to the port without unnecessary stops.,Stop briefly for personal errands.,Park overnight and continue the next day.,Divert to another site before heading to port.,A,Haul export containers directly to the designated port unless emergency arises.,0.5,0,0.5,Anda sedang membawa kontena eksport yang telah dimuatkan ke pelabuhan yang ditetapkan.,Pandu terus ke pelabuhan tanpa membuat hentian yang tidak perlu.,Berhenti seketika untuk urusan peribadi.,Parkir semalaman dan sambung perjalanan pada hari berikutnya.,Singgah ke tapak lain sebelum ke pelabuhan.,Bawa kontena eksport terus ke pelabuhan yang ditetapkan kecuali berlaku kecemasan.,5
"After ensuring safety at the accident scene, what should you do next?",Report immediately to office.,Complete delivery first and report later.,Wait until returning to depot.,Inform only if damage is serious.,A,Report the incident immediately and await instruction.,0.5,0,0.5,"Selepas memastikan keselamatan di lokasi kemalangan, apakah tindakan seterusnya?",Laporkan segera kepada pejabat.,Selesaikan penghantaran dahulu dan laporkan kemudian.,Tunggu sehingga kembali ke depot.,Maklumkan hanya jika kerosakan adalah serius.,Laporkan kejadian segera dan tunggu arahan lanjut.,5
"After a collision, operations asks for your location.",Provide the exact location using junctions or landmarks.,"Say you are ""near the highway"".",Share the location after police arrival.,Wait for GPS tracking to update automatically.,A,Provide precise accident location details.,0.5,0,0.5,"Selepas pelanggaran, bahagian operasi meminta lokasi anda.",Berikan lokasi tepat dengan menyatakan simpang atau mercu tanda.,Berikan anggaran lokasi berdasarkan kawasan sekitar.,Kongsi lokasi selepas polis tiba.,Tunggu sistem GPS dikemas kini secara automatik.,Berikan butiran lokasi kemalangan dengan tepat dan jelas.,5
You drive in steady multi-lane traffic. Motorcycles filter between lanes and traffic slows near an exit.,Maintain lane position and prepare for sudden movement,Change lanes early to avoid slowing traffic,Hold lane but move closer to the lane marking,Continue normally and react only if traffic slows,A,Maintain stable lane position and anticipate sudden movement.,1,,,Anda memandu dalam trafik berbilang lorong yang lancar. Motosikal bergerak di antara lorong dan trafik perlahan berhampiran susur keluar.,Kekalkan kedudukan lorong dan bersedia untuk pergerakan mengejut,Tukar lorong lebih awal untuk mengelakkan trafik perlahan,Kekalkan lorong tetapi bergerak lebih dekat ke garisan lorong,Teruskan seperti biasa dan bertindak hanya jika trafik perlahan,Kekalkan kedudukan lorong yang stabil dan jangka pergerakan mengejut.,6
You follow a slow vehicle on a busy road. Traffic flows on the adjacent lane.,Wait for a clear safe gap before overtaking,Overtake quickly to avoid staying behind,Move closer to signal your intent,Begin overtaking and adjust as traffic responds,A,Manage frustration and wait for a clear safe gap before overtaking.,0.75,0.25,,Anda mengekori kenderaan perlahan di jalan sibuk. Trafik bergerak di lorong sebelah.,Tunggu ruang yang benar-benar selamat sebelum memotong,Memotong dengan cepat supaya tidak terus terperangkap,Bergerak lebih dekat untuk memberi isyarat niat,Mulakan memotong dan sesuaikan kedudukan mengikut trafik,Kawal rasa marah dan tunggu ruang yang benar-benar selamat sebelum memotong.,6
You are inside a terminal yard. A marshal signals you to hold while equipment moves in your path.,Remain stationary until the marshal signals to proceed,Ease forward slightly to improve visibility,"Hold briefly, then advance once equipment clears",Follow the vehicle ahead if it begins moving,A,Follow marshal instructions and keep distance from operating equipment.,0.75,0.25,,Anda berada di dalam kawasan terminal. Seorang marshal memberi isyarat supaya berhenti sementara jentera bergerak di laluan anda.,Kekal berhenti sehingga marshal memberi isyarat untuk bergerak,Bergerak sedikit ke hadapan untuk meningkatkan jarak penglihatan,Berhenti seketika kemudian bergerak apabila jentera beredar,Ikut kenderaan di hadapan jika ia mula bergerak,Patuhi arahan marshal dan kekalkan jarak daripada jentera yang sedang beroperasi.,6
You approach a junction inside an industrial site. Internal lanes intersect and site rules require vehicles to yield.,Slow down and follow the site junction rule,Roll forward and proceed when the path looks clear,Edge into the junction to signal intention,Enter if nearby vehicles move through safely,A,Apply site junction rules to prevent conflicts at internal intersections.,0.5,0.5,,Anda menghampiri persimpangan di dalam kawasan industri. Laluan dalaman bersilang dan peraturan tapak memerlukan kenderaan memberi laluan.,Perlahankan kenderaan dan ikut peraturan persimpangan tapak,Bergerak perlahan dan masuk apabila laluan kelihatan jelas,Masuk sedikit ke persimpangan untuk memberi isyarat niat,Masuk jika kenderaan berhampiran kelihatan melalui dengan selamat,Patuhi peraturan persimpangan tapak untuk mengelakkan konflik di persimpangan dalaman.,6
You drive inside a container terminal. RTGs and reach stackers operate nearby and containers restrict visibility.,Reduce speed early and proceed cautiously,Maintain normal speed and rely on operators to yield,Accelerate briefly to clear the area,Match the speed of nearby terminal vehicles,A,Reduce speed near operating terminal equipment.,,0.5,0.5,Anda memandu di dalam terminal kontena. RTG dan reach stacker beroperasi berhampiran dan kontena menghadkan pandangan.,Kurangkan kelajuan lebih awal dan teruskan dengan berhati-hati,Kekalkan kelajuan biasa dan bergantung pada pengendali untuk memberi laluan,Tambah kelajuan seketika untuk melepasi kawasan itu,Ikut kelajuan kenderaan terminal berhampiran,Kurangkan kelajuan berhampiran jentera terminal yang beroperasi.,6
"During a roadside inspection, an officer approaches and you realise you are not wearing a safety vest.",Put on the safety vest and cooperate with the inspection,Continue the inspection and wear it if instructed,Answer the officer's questions and address it later,Remain where you are until the inspection ends,A,Wear required safety equipment during inspections.,,0.75,0.25,"Semasa pemeriksaan di tepi jalan, seorang pegawai menghampiri dan anda sedar anda tidak memakai vest keselamatan.",Pakai vest keselamatan dan beri kerjasama semasa pemeriksaan,Teruskan pemeriksaan dan pakai jika diarahkan,Jawab soalan pegawai dan uruskan kemudian,Kekal di tempat anda sehingga pemeriksaan selesai,Pakai peralatan keselamatan yang diperlukan semasa pemeriksaan.,6
"While driving inside a site, you encounter uneven surfaces and hazards along the route. You are within the speed limit.",Reduce speed to suit the hazards,Maintain speed since it is within the limit,Adjust speed only near visible obstacles,Continue at normal speed and rely on steering,A,Adjust speed to suit conditions even within the limit.,0.75,0.25,,"Semasa memandu di dalam tapak, anda menghadapi permukaan tidak rata dan bahaya di laluan. Anda masih dalam had laju dibenarkan.",Kurangkan kelajuan mengikut keadaan,Kekalkan kelajuan kerana masih dalam had laju,Sesuaikan kelajuan hanya berhampiran halangan yang jelas,Teruskan pada kelajuan biasa dan bergantung pada kawalan stereng,Sesuaikan kelajuan mengikut keadaan walaupun masih dalam had laju.,6
"After a pre-trip inspection, the vehicle behaves differently once you begin moving.",Continue driving to see if it settles,Stop safely and reassess the vehicle,Adjust driving style to compensate,Complete the trip and report later,B,Vehicle behaviour should match inspection results.,,1,,"Selepas pemeriksaan sebelum perjalanan, kenderaan menunjukkan keadaan tidak biasa apabila anda mula bergerak.",Terus memandu untuk melihat sama ada keadaan kembali normal,Berhenti dengan selamat dan periksa semula kenderaan,Laraskan cara pemanduan untuk menyesuaikan keadaan,Selesaikan perjalanan dan laporkan kemudian,"Jika kenderaan menunjukkan keadaan tidak biasa, berhenti dan periksa semula sebelum meneruskan perjalanan.",6
"While preparing for delivery, you notice the cargo is not fully secured and the customer is waiting.",Pause and secure the cargo before proceeding,Continue carefully and address it afterward,Proceed to avoid delay and handle carefully,Proceed while explaining the situation to the customer,A,Secure cargo before delivery despite time pressure.,0.5,0.5,,"Semasa bersedia untuk penghantaran, anda mendapati muatan tidak dikunci dengan sempurna dan pelanggan sedang menunggu.",Berhenti seketika dan pastikan muatan dikunci dengan betul sebelum meneruskan,Teruskan dengan berhati-hati dan selesaikan isu kemudian,Teruskan untuk mengelakkan kelewatan dan kendalikan dengan berhati-hati,Teruskan sambil menerangkan keadaan kepada pelanggan,Pastikan muatan selamat sebelum meneruskan penghantaran walaupun terdapat tekanan masa.,6
"Before entering an industrial site, you have not completed the required pre-trip inspection.",Enter the site carefully and complete checks later,Complete the inspection and follow site entry rules,Rely on previous checks and proceed as directed,Ask site staff to guide you inside immediately,B,Complete inspections before site entry to ensure readiness and compliance.,0.5,0.5,,"Sebelum memasuki tapak industri, anda belum melengkapkan pemeriksaan pra-perjalanan kenderaan.",Masuk ke tapak dengan berhati-hati dan lakukan pemeriksaan kemudian,Lengkapkan pemeriksaan dan patuhi peraturan kemasukan tapak,Bergantung pada pemeriksaan sebelumnya dan teruskan seperti diarahkan,Minta kakitangan tapak membimbing anda masuk segera,Lengkapkan pemeriksaan sebelum memasuki tapak untuk memastikan kesiapsiagaan dan pematuhan.,6
"While waiting inside a confined site area, the vehicle is idling near structures and pedestrians.",Keep the engine idling so you can move off quickly,Switch off the engine while waiting,Keep idling until instructed to move,Remain stationary with the engine running,B,Switching off the engine when stationary reduces risk and unnecessary exposure in confined areas.,0.75,0.25,,"Semasa menunggu di kawasan tapak yang sempit, enjin masih hidup berhampiran struktur dan pejalan kaki.",Biarkan enjin hidup supaya boleh bergerak segera,Matikan enjin semasa menunggu,Terus biarkan enjin hidup sehingga diarahkan bergerak,Kekal berhenti dengan enjin masih hidup,Matikan enjin semasa berhenti untuk kurangkan risiko dan pendedahan.,6
"During a delivery, a customer begins recording your interaction on a mobile phone.",Continue the discussion calm and professional,Ask the customer to stop recording before continuing,Keep responses brief and focus on completing the task,Proceed with the delivery without acknowledging the recording,A,Maintaining professional behaviour protects your image when interactions are visible or recorded.,,0.25,0.75,"Semasa penghantaran, seorang pelanggan mula merakam interaksi anda menggunakan telefon bimbit.",Teruskan perbincangan dengan tenang dan profesional,Minta pelanggan berhenti merakam sebelum meneruskan,Jawab secara ringkas dan fokus untuk selesaikan tugas,Teruskan penghantaran tanpa mengendahkan rakaman,Kekalkan tingkah laku profesional apabila interaksi dirakam atau dilihat orang lain.,6
"During unloading, a disagreement with site staff begins to escalate over the unloading sequence.","Pause briefly, acknowledge the concern, and suggest resolving it calmly",Explain in detail why your unloading sequence is correct and safer,Continue unloading quietly to avoid making the situation worse,Justify your approach so everyone understands your reasoning,A,Pausing and responding calmly helps defuse tension.,,,1,"Semasa proses memunggah, berlaku perbezaan pendapat dengan kakitangan tapak mengenai turutan memunggah muatan dan keadaan mula menjadi tegang.",Berhenti seketika dan bincang dengan tenang,Terangkan dengan panjang lebar mengapa turutan anda lebih betul dan selamat,Teruskan proses memunggah secara senyap untuk elak keadaan menjadi lebih tegang,Pertahankan cara anda supaya semua faham sebabnya,Berhenti seketika dan beri respons dengan tenang membantu redakan ketegangan.,6
"After unloading, someone pressures you to change delivery records so the issue does not escalate.",Say the records must stay as they are and continue calmly,Change the records slightly so the discussion can end,Leave the records for now to avoid further disagreement,Explain repeatedly why the records cannot be changed,A,Keeping records accurate while staying calm helps prevent conflict from escalating.,,0.25,0.75,"Selepas proses memunggah, seseorang menekan anda supaya mengubah rekod penghantaran agar isu tersebut tidak menjadi lebih besar.",Nyatakan rekod mesti kekal seperti sedia ada dan teruskan dengan tenang,Ubah sedikit rekod supaya perbincangan boleh dihentikan,Biarkan rekod dahulu untuk elak pertelingkahan lanjut,Terangkan berulang kali mengapa rekod tidak boleh diubah,Kekalkan rekod yang tepat sambil bersikap tenang untuk elakkan keadaan menjadi lebih tegang.,6
"While driving through a community area, people nearby gesture for you to slow down as you pass.",Reduce speed and continue driving considerately,Maintain your speed since you are within the limit,"Slow briefly, then resume your previous speed",Focus ahead and avoid reacting to the gestures,A,Adjusting speed in response to community signals shows courtesy and respect for local conditions.,0.25,0.25,0.5,"Semasa melalui kawasan komuniti, orang di sekitar memberi isyarat supaya anda memperlahankan kenderaan.",Kurangkan kelajuan dan teruskan pemanduan dengan penuh pertimbangan,Kekalkan kelajuan kerana masih dalam had yang dibenarkan,"Perlahankan seketika, kemudian sambung semula kelajuan asal",Fokus ke hadapan dan abaikan isyarat tersebut,Melaras kelajuan mengikut keadaan setempat menunjukkan sikap hormat dan prihatin terhadap komuniti.,6
"In a local area, another driver gestures courteously for you to merge while traffic slows.",Signal clearly and merge when safe,Merge promptly to return the courtesy,Hesitate briefly to avoid appearing disrespectful,Acknowledge the gesture and continue moving,A,"Clear signalling should guide merging decisions, even when courtesy is shown by others.",0.25,,0.75,"Di kawasan tempatan, seorang pemandu memberi isyarat sopan untuk membenarkan anda masuk ketika trafik semakin perlahan.",Beri isyarat dengan jelas dan masuk apabila selamat,Masuk segera untuk membalas kesopanan tersebut,Tangguh seketika supaya tidak kelihatan tidak menghormati,Balas isyarat tersebut dan teruskan bergerak,Isyarat yang jelas dan pertimbangan keselamatan perlu menjadi panduan walaupun diberi laluan oleh pemandu lain.,6
"You plan to install a sun shade, dark tint film, or stickers on the company truck windscreen.",Install them if they do not block the main driving view.,Do not install them without company approval.,Use removable shades only during daytime driving.,Check whether other drivers have done similar modifications.,B,Avoid unauthorised vehicle modifications that may affect safety or compliance.,,0.5,0.5,"Anda bercadang memasang pelindung matahari, filem gelap, atau pelekat pada cermin hadapan lori syarikat.",Pasang jika tidak menghalang pandangan utama ketika memandu.,Jangan pasang tanpa kelulusan syarikat.,Gunakan pelindung yang boleh ditanggalkan pada waktu siang sahaja.,Periksa sama ada pemandu lain pernah membuat perubahan yang sama.,Elakkan pengubahsuaian kenderaan tanpa kelulusan yang boleh menjejaskan keselamatan atau pematuhan.,6
You have been on duty for 10 hours and are asked to continue working.,Continue if the remaining task is short.,Stop working after reaching the 10-hour limit.,Work another hour and rest later.,Continue if traffic conditions are light.,B,Adhere to the maximum daily working hour limit.,0.5,0,0,Anda telah bertugas selama 10 jam dan diminta untuk terus bekerja.,Teruskan jika baki tugasan adalah singkat.,Hentikan bekerja selepas mencapai had 10 jam.,Bekerja satu jam lagi dan berehat kemudian.,Teruskan jika keadaan trafik tidak sibuk.,Patuhi had maksimum waktu kerja harian.,6
Your goods vehicle is experiencing failure on a highway and you are placing safety cones behind it.,Place cones a few metres behind the vehicle to alert nearby traffic.,"Position cones to the rear, spaced about 10 metres apart.",Place one cone directly behind the vehicle as a marker.,Set the cones beside the vehicle to save time.,B,Position warning devices correctly to provide clear rear hazard warning.,0.5,0,0.5,Kenderaan barangan anda mengalami kerosakan di lebuh raya dan anda sedang meletakkan kon keselamatan di belakangnya.,Letakkan kon beberapa meter di belakang kenderaan untuk memberi amaran kepada trafik berhampiran.,Letakkan kon di bahagian belakang dengan jarak kira-kira 10 meter antara satu sama lain.,Letakkan satu kon tepat di belakang kenderaan sebagai penanda.,Letakkan kon di sisi kenderaan untuk menjimatkan masa.,Letakkan alat amaran dengan jarak yang sesuai untuk memberi amaran yang jelas kepada trafik dari belakang.,6
"During inspection, you realise the vehicle has no working torchlight.",Proceed if driving is during daytime only.,Replace the torchlight before operating the vehicle.,Use your phone light if needed.,Continue since other safety items are present.,B,Ensure required safety equipment is present and functional.,0,1,0,"Semasa pemeriksaan, anda mendapati tiada lampu suluh yang berfungsi di dalam kenderaan.",Teruskan perjalanan jika pemanduan hanya pada waktu siang.,Gantikan lampu suluh tersebut sebelum mengendalikan kenderaan.,Gunakan lampu telefon bimbit jika perlu.,Teruskan kerana peralatan keselamatan lain masih ada.,Pastikan peralatan keselamatan yang diperlukan tersedia dan berfungsi dengan baik.,6
"Before starting your trip, you review the vehicle's licensing documents.",Proceed if the documents were checked last month.,Verify that all required vehicle licences are valid.,Continue driving and check only if stopped.,Rely on the office to monitor document validity.,B,Ensure vehicle licensing documents are valid before operating.,0.5,0,0.5,"Sebelum memulakan perjalanan, anda menyemak dokumen lesen kenderaan.",Teruskan perjalanan jika dokumen telah diperiksa bulan lepas.,Pastikan semua lesen kenderaan yang diperlukan masih sah.,Terus memandu dan semak hanya jika ditahan.,Bergantung kepada pejabat untuk memantau tempoh sah dokumen.,Pastikan semua dokumen lesen kenderaan masih sah sebelum mengendalikan kenderaan.,6
You are scheduled to begin duty at 5:00 AM.,Arrive early to prepare before starting duty.,Arrive exactly at 8:00 AM and prepare afterward.,Arrive a few minutes late if traffic is light.,Inform colleagues to cover while you arrive.,A,Arrive early to prepare and start duty on time.,0.5,0,0.5,Anda dijadualkan untuk memulakan tugas pada pukul 8:00 pagi.,Tiba lebih awal untuk membuat persediaan sebelum bertugas.,Tiba tepat pukul 8:00 pagi dan buat persediaan selepas itu.,Tiba lewat beberapa minit jika trafik lancar.,Maklumkan rakan sekerja untuk mengambil alih tugas sementara anda tiba.,Tiba lebih awal untuk membuat persediaan dan memulakan tugas tepat pada masanya.,6
"Before starting a trip, you check the prime mover and trailer documents.","Ensure the permit, road tax, and inspection certificate are valid.",Proceed if the road tax is still valid.,Check only the prime mover documents.,Verify documents only when stopped by enforcement.,A,Ensure all required vehicle documents are valid before operating.,0,1,0,"Sebelum memulakan perjalanan, anda menyemak dokumen kepala lori dan treler.","Pastikan permit, cukai jalan dan sijil pemeriksaan masih sah.",Teruskan perjalanan jika cukai jalan masih sah.,Periksa dokumen kepala lori sahaja.,Sahkan dokumen hanya apabila ditahan penguat kuasa.,Pastikan semua dokumen kenderaan yang diperlukan masih sah sebelum beroperasi.,6
"Before leaving the port, you check the container seal.",Proceed if the seal appears attached.,Ensure the seal is properly locked before departure.,Leave immediately if the container door is closed.,Rely on port staff to confirm the seal.,B,Ensure the container seal is securely locked before departure.,0.5,0,0.5,"Sebelum meninggalkan pelabuhan, anda memeriksa seal kontena.",Teruskan perjalanan jika seal kelihatan terpasang.,Pastikan seal dikunci dengan betul sebelum bertolak.,Bertolak segera jika pintu kontena telah ditutup.,Bergantung kepada kakitangan pelabuhan untuk mengesahkan seal.,Pastikan seal kontena dikunci dengan selamat sebelum bertolak.,6
"Before leaving the port, you find the container door slightly misaligned.",Record the door condition in the gate pass.,Proceed since it can still be locked.,Deliver first and update later.,Ignore if seal is intact.,A,Record any container door defect in the gate pass before exit.,0.5,0,0.5,"Sebelum meninggalkan pelabuhan, anda mendapati pintu kontena sedikit tidak sejajar.",Rekodkan keadaan pintu pada gate pass.,Teruskan perjalanan kerana pintu masih boleh dikunci.,Hantar dahulu dan kemas kini kemudian.,Abaikan keadaan jika seal masih baik.,Rekodkan sebarang kecacatan pintu kontena pada gate pass sebelum keluar.,6
You notice damage on the container but are unsure whether the cargo inside is affected.,Inform operations and wait for instruction.,Proceed if the seal is intact.,Deliver first and inspect at destination.,Continue if external damage appears minor.,A,Report uncertain damage before moving the container.,0.5,0,0.5,Anda mendapati terdapat kerosakan pada kontena dan tidak pasti sama ada muatan di dalamnya terjejas.,Maklumkan bahagian operasi dan tunggu arahan lanjut.,Teruskan perjalanan jika seal masih utuh.,Hantar dahulu dan periksa di lokasi penghantaran.,Teruskan perjalanan jika kerosakan luar kelihatan kecil.,Laporkan kerosakan yang tidak pasti sebelum menggerakkan kontena.,6
"During a delivery, a customer raises their voice and provokes you.",Respond firmly to defend your position.,Avoid confrontation and report to operations.,Leave the site immediately without informing anyone.,Continue arguing until the issue is resolved.,B,Do not engage in confrontation; report the matter to operations.,0,0,1,"Semasa membuat penghantaran, seorang pelanggan meninggikan suara dan memprovokasi anda.",Bertindak balas dengan tegas untuk mempertahankan diri.,Elakkan pertelingkahan dan laporkan kepada bahagian operasi.,Tinggalkan tapak serta-merta tanpa memaklumkan kepada sesiapa.,Terus berdebat sehingga isu selesai.,Elakkan pertelingkahan dan laporkan perkara tersebut kepada bahagian operasi.,6
"After a collision, the third party offers to settle repair costs privately.",Accept the offer to avoid paperwork.,Inform operations and wait for instruction.,Negotiate and settle on the spot.,Accept payment and continue duty.,B,Do not agree to private settlements without company instruction.,0.5,0,0.5,"Selepas pelanggaran, pihak ketiga menawarkan untuk menyelesaikan kos pembaikan secara persendirian.",Terima tawaran untuk mengelakkan urusan dokumentasi.,Maklumkan bahagian operasi dan tunggu arahan selanjutnya.,Berunding dan selesaikan di tempat kejadian.,Terima bayaran dan teruskan tugas.,Jangan bersetuju dengan penyelesaian persendirian tanpa arahan syarikat.,6
Your vehicle is carrying chemical cargo and is involved in an accident.,Inform operations of the cargo type and any hazard risk.,Report the vehicle damage.,Wait for emergency responders to identify the cargo.,Mention cargo details when asked.,A,Communicate cargo hazards immediately during an accident.,0.5,0,0.5,Kenderaan anda membawa muatan bahan kimia dan terlibat dalam kemalangan.,Maklumkan kepada bahagian operasi jenis muatan dan sebarang risiko bahaya.,Laporkan kerosakan kenderaan.,Tunggu pasukan kecemasan mengenal pasti jenis muatan.,Nyatakan butiran muatan bila ditanya.,Maklumkan risiko bahaya muatan dengan segera semasa kemalangan.,6
You drive at cruising speed. Vehicles ahead brake intermittently and motorcycles filter between lanes.,Increase following distance for sudden slowing,Maintain distance and brake if traffic slows,Move closer to match the pace ahead,Change lanes to avoid unpredictable movement,A,Extra space gives more time to respond to hazards ahead.,0.75,0.25,,Anda memandu pada kelajuan tetap. Kenderaan di hadapan membrek dan motosikal bergerak di antara lorong.,Tambah jarak kenderaan untuk lebih bersedia,Kekalkan jarak dan brek jika trafik perlahan,Bergerak lebih dekat untuk ikut kelajuan di hadapan,Tukar lorong untuk elakkan pergerakan tidak menentu,Ruang tambahan memberi lebih masa untuk bertindak terhadap bahaya di hadapan.,7
You drive at night in heavy rain. Spray from vehicles ahead reduces visibility.,Increase following distance for more reaction time,Maintain distance since traffic speed is steady,Close the gap to keep sight of the vehicle ahead,Keep the same distance and react if traffic slows,A,Increase spacing in poor visibility to manage sudden slowing safely.,0.75,0.25,,Anda memandu pada waktu malam dalam keadaan hujan lebat. Percikan air dari kenderaan di hadapan mengurangkan pandangan.,Tambah jarak kenderaan untuk lebih masa bertindak,Kekalkan jarak kerana kelajuan trafik stabil,Rapatkan jarak untuk mengekalkan pandangan kenderaan di hadapan,Kekalkan jarak dan bertindak jika trafik perlahan,Tingkatkan jarak antara kenderaan ketika penglihatan terhad bagi menangani tindakan brek mengejut dengan selamat.,7
You are inside a container terminal where RTGs operate across marked lanes with clear zones.,Remain outside the clear zone until access is given,Move along the lane edge while staying alert,Advance slowly when the RTG appears to reposition,Follow the vehicle ahead past the RTG,A,Respect clear zones and wait for safe access near lifting equipment.,0.75,0.25,,Anda berada di dalam terminal kontena di mana RTG beroperasi merentasi lorong bertanda dengan zon larangan.,Kekal di luar zon larangan sehingga laluan dibenarkan,Bergerak di tepi lorong sambil kekal peka,Bergerak perlahan apabila RTG kelihatan beralih,Ikut kenderaan di hadapan melepasi RTG,Hormati zon larangan dan tunggu laluan selamat berhampiran jentera angkat.,7
"Inside a site yard, you merge into an internal lane while equipment operates nearby.",Wait for a clear gap with safe equipment clearance,Merge when a small gap appears to maintain flow,Move forward gradually to secure space,Follow the vehicle ahead into the lane,A,Choose a clear gap and keep safe distance from operating equipment.,1,,,"Di dalam kawasan tapak, anda perlu masuk ke lorong dalaman sementara jentera beroperasi berhampiran.",Tunggu ruang jelas dengan jarak selamat daripada jentera,Masuk apabila terdapat ruang kecil untuk kekalkan aliran trafik,Bergerak ke hadapan secara beransur untuk mendapatkan ruang,Ikut kenderaan di hadapan masuk ke lorong,Tunggu ruang yang jelas dan kekalkan jarak selamat dari jentera beroperasi.,7
You approach an area where containers are being lifted and repositioned. Equipment movement is ongoing.,Stop outside the lifting zone until operations are complete,Proceed slowly while monitoring the lifting activity,Continue moving and adjust if equipment comes closer,Follow another vehicle that enters the zone,A,Keep clear of active lifting zones.,,0.5,0.5,Anda menghampiri kawasan di mana kontena sedang dialihkan. Jentera masih beroperasi.,Berhenti di luar zon pengangkatan sehingga operasi selesai,Terus bergerak perlahan sambil memantau aktiviti pengangkatan,Terus bergerak dan sesuaikan kedudukan jika jentera menghampiri,Ikut kenderaan lain yang memasuki zon tersebut,Jauhi zon pengangkatan yang sedang aktif.,7
"After a delivery, you park in a designated area where idling is prohibited.",Switch off the engine and follow the parking procedure,Leave the engine running briefly to save time,Complete the procedure and address the engine later,Wait in the vehicle with the engine on,A,Follow procedures and switch off the engine where idling is prohibited.,0.25,0.75,,"Selepas penghantaran, anda parkir di kawasan yang ditetapkan di mana enjin tidak dibenarkan hidup.",Matikan enjin dan ikut prosedur parkir,Biarkan enjin hidup seketika untuk menjimatkan masa,Lengkapkan prosedur dahulu dan matikan enjin kemudian,Tunggu di dalam kenderaan dengan enjin masih hidup,Ikut prosedur dan matikan enjin di kawasan yang melarang melahu enjin.,7
"While driving inside a site with pedestrians and equipment moving nearby, your phone receives a message.",Ignore the message and maintain full attention,Check the message briefly since speed is low,Slow down and glance when the area looks clear,Respond quickly.,A,Avoid distractions in mixed-movement areas.,0.75,0.25,,"Semasa memandu di dalam tapak dengan pekerja dan jentera bergerak berhampiran, telefon anda menerima mesej.",Abaikan mesej dan kekalkan tumpuan penuh,Periksa mesej seketika kerana kelajuan rendah,Perlahankan dan lihat mesej apabila kawasan kelihatan selamat,Balas mesej dengan cepat.,Elakkan gangguan di kawasan pergerakan bercampur.,7
"After a pre-trip inspection, you notice a twist lock is not fully secured though the container appears stable.",Secure the twist lock before departing,Start the trip but drive carefully,Proceed since the container appears stable,Monitor the load and act if it shifts,A,Correct load security issues before moving.,0.5,0.5,,"Selepas pemeriksaan sebelum perjalanan, anda mendapati twist lock tidak dikunci sepenuhnya walaupun kontena kelihatan stabil.",Pastikan twist lock dikunci dengan betul sebelum bergerak,Mulakan perjalanan tetapi memandu dengan berhati-hati,Teruskan kerana kontena kelihatan stabil,Pantau muatan semasa perjalanan dan bertindak jika ia bergerak,Pastikan keselamatan muatan disahkan sebelum bergerak.,7
"During a slow loading manoeuvre in a confined space, a nearby worker offers guidance.",Pause and coordinate clearly with the worker before continuing,Continue manoeuvring slowly and rely on hand signals as they appear,Proceed carefully without engaging to avoid confusion,Continue cautiously while listening for instructions and adjusting if needed,A,Clear coordination during manoeuvres helps prevent damage and supports safe cooperation.,0.5,,0.5,"Semasa manuver perlahan untuk pemuatan di ruang sempit, seorang pekerja memberi panduan.",Berhenti seketika dan sesuaikan komunikasi dengan pekerja sebelum meneruskan,Teruskan manuver perlahan dan bergantung pada isyarat tangan yang diberi,Teruskan dengan berhati-hati tanpa berinteraksi untuk elakkan kekeliruan,Teruskan dengan berhati-hati sambil mendengar arahan dan melaras jika perlu,Koordinasi yang jelas semasa manuver membantu mencegah kerosakan dan menyokong kerjasama yang selamat.,7
"While moving through a busy site, you feel abnormal resistance and hear a new mechanical sound.",Continue moving slowly to clear the area,"Stop safely, assess the issue, and proceed only when clear",Adjust steering and throttle to maintain site flow,Complete the movement and report the issue afterward,B,Respond promptly to mechanical cues and ensure the area is safe before proceeding.,0.75,0.25,,"Semasa bergerak di tapak yang sibuk, anda merasakan rintangan tidak normal dan bunyi mekanikal baharu.",Terus bergerak perlahan untuk keluar dari kawasan itu,"Berhenti di tempat selamat, periksa keadaan, dan teruskan hanya apabila jelas selamat",Laraskan stereng dan pendikit untuk mengekalkan aliran pergerakan tapak,Selesaikan pergerakan dan laporkan masalah selepas itu,Bertindak segera terhadap tanda mekanikal dan pastikan kawasan selamat sebelum meneruskan.,7
"At a site gate, you notice a wheel chock and tool left unsecured on the vehicle before entry.",Enter the site and secure them at the first parking point,Secure the items before entering the site,Proceed inside since the items are not in use,Ask security to allow entry first,B,Securing loose equipment before entry prevents avoidable risks inside controlled areas.,0.25,0.5,0.25,"Di pintu masuk tapak, anda perasan pengadang tayar dan peralatan tidak diikat kemas pada kenderaan sebelum masuk.",Masuk tapak dan kemaskan di tempat parkir pertama,Kemaskan dahulu sebelum masuk tapak,Terus masuk kerana alat itu tidak digunakan,Minta kebenaran masuk daripada pengawal dahulu,Kemaskan peralatan sebelum masuk tapak untuk elakkan risiko.,7
A customer asks you to change delivery details on the paperwork.,Complete the paperwork accurately and explain the situation,Adjust the delivery details as requested by the customer,Leave the paperwork unchanged and submit it later,Submit the paperwork as requested without explanation,A,Accurate documentation ensures transparency and protects everyone involved.,,0.25,0.75,Seorang pelanggan meminta anda mengubah butiran penghantaran dalam dokumen.,Lengkapkan dokumen dengan tepat dan jelaskan keadaan sebenar,Ubah butiran penghantaran seperti diminta,Biarkan dokumen seperti itu dan serahkan kemudian,Serahkan dokumen seperti diminta tanpa penjelasan,Dokumentasi yang tepat memastikan ketelusan dan melindungi semua pihak.,7
"During unloading, a tense exchange with site staff starts attracting attention from people nearby.",Keep your tone calm and behaviour professional,Explain your actions in detail so observers understand your position,Continue the task while limiting further interaction,Justify your response to avoid appearing at fault,A,"Maintaining calm, professional behaviour protects your image when situations draw public attention.",,0.25,0.75,"Semasa proses memunggah, perbualan tegang dengan kakitangan tapak mula menarik perhatian orang di sekeliling.",Kekalkan nada tenang dan tingkah laku profesional,Terangkan tindakan anda dengan terperinci supaya orang lain faham,Teruskan tugas sambil hadkan interaksi lanjut,Jelaskan respons anda untuk elak kelihatan bersalah,Kekalkan sikap tenang dan profesional apabila situasi menarik perhatian orang ramai.,7
"During a delivery, a customer explains that a small personal gift is customary in their culture.",Decline respectfully and continue with the delivery as planned,Accept briefly to avoid appearing disrespectful,Delay responding and see how others handle it,Explain carefully why such gifts can cause problems,A,Respecting culture does not require accepting gifts that compromise integrity.,,0.25,0.75,"Semasa penghantaran, seorang pelanggan menjelaskan bahawa pemberian kecil peribadi adalah amalan dalam budayanya.",Tolak dengan hormat dan teruskan penghantaran seperti dirancang,Terima seketika supaya tidak kelihatan tidak hormat,Tangguhkan respons dan lihat bagaimana orang lain bertindak,Terangkan dengan teliti mengapa pemberian itu boleh menimbulkan isu,Menghormati budaya tidak bermaksud menerima pemberian yang boleh menjejaskan integriti.,7
You approach a road section with temporary cones where pedestrians are crossing near your lane.,Maintain correct lane position and proceed cautiously past the area,Move closer to the lane edge to pass through more quickly,Adjust position to follow vehicles ahead without slowing,Focus on traffic flow and avoid reacting to people nearby,A,Maintaining lane discipline and caution protects pedestrians and reflects responsible public conduct.,0.5,,0.5,Anda menghampiri laluan yang dipasang kon sementara dengan pejalan kaki melintas berhampiran lorong anda.,Kekalkan kedudukan lorong yang betul dan pandu dengan berhati-hati melalui kawasan tersebut,Rapat ke tepi lorong untuk melepasi kawasan dengan lebih cepat,Laraskan kedudukan mengikut kenderaan di hadapan tanpa memperlahankan,Fokus pada aliran trafik dan abaikan orang di sekitar,Disiplin lorong dan pemanduan berhati-hati melindungi pejalan kaki serta mencerminkan sikap bertanggungjawab di tempat awam.,7
You prepare to merge into a moving lane when another driver accelerates and blocks the available gap.,Hold back and wait for a clearer gap,Force the merge to assert your position,Move closer to pressure the other driver to yield,Gesture briefly to signal dissatisfaction,A,Waiting for a safe gap and avoiding confrontation reduces risk and prevents unnecessary conflict.,0.5,,0.5,Anda bersedia untuk masuk ke lorong yang sedang bergerak apabila seorang pemandu lain memecut dan menutup ruang yang ada.,Tahan dan tunggu ruang yang lebih jelas serta selamat,Paksa masuk untuk mempertahankan kedudukan anda,Rapatkan kenderaan untuk memberi tekanan supaya pemandu lain mengalah,Buat isyarat ringkas tanda tidak puas hati,Menunggu ruang yang selamat dan mengelakkan konfrontasi membantu mengurangkan risiko serta ketegangan di jalan raya.,7
You have completed 8 hours of driving for the day and one nearby delivery remains.,Continue driving to complete the final delivery.,Stop driving and report reaching the daily limit.,Drive for another 30 minutes before stopping.,Reduce speed and complete the delivery carefully.,B,Follow driving hour limits to maintain safety and compliance.,0.5,0.5,,Anda telah memandu selama 8 jam pada hari itu dan satu penghantaran berhampiran masih belum selesai.,Terus memandu untuk menyelesaikan penghantaran terakhir.,Hentikan pemanduan dan laporkan bahawa had harian telah dicapai.,Memandu lagi selama 30 minit sebelum berhenti.,Kurangkan kelajuan dan selesaikan penghantaran dengan berhati-hati.,Patuhi had waktu pemanduan untuk menjaga keselamatan dan pematuhan.,7
You have worked six consecutive days and are scheduled for another duty.,Continue working if you feel fit.,Take one rest day after six working days.,Work half a day before taking leave.,Swap shifts without taking a rest day.,B,Take the required rest day after six consecutive working days.,0.5,0,0,Anda telah bekerja selama enam hari berturut-turut dan dijadualkan untuk bertugas lagi.,Terus bekerja jika anda berasa cergas.,Ambil satu hari rehat selepas enam hari bekerja.,Bekerja separuh hari sebelum mengambil cuti.,Tukar syif tanpa mengambil hari rehat.,Ambil hari rehat yang ditetapkan selepas bekerja enam hari berturut-turut.,7
Your goods vehicle is experiencing failure on a highway and you are placing a warning triangle.,Place it a few metres behind the vehicle for quick visibility.,Place it about 50 metres to the rear of the vehicle.,Place it beside the vehicle near the shoulder.,Hold it while standing near traffic to alert drivers.,B,Position warning devices at a safe rear distance to alert approaching traffic early.,0.5,0,0.5,Kenderaan barangan anda mengalami kerosakan di lebuh raya dan anda sedang meletakkan segi tiga amaran.,Letakkan beberapa meter di belakang kenderaan supaya mudah dilihat dengan cepat.,Letakkan kira-kira 50 meter di belakang kenderaan.,Letakkan di sisi kenderaan berhampiran bahu jalan.,Pegang sambil berdiri berhampiran trafik untuk memberi amaran.,Letakkan alat amaran pada jarak selamat di belakang kenderaan untuk memberi amaran awal kepada trafik yang menghampiri.,7
You check the vehicle and the warning triangle is missing.,Continue driving if hazard lights are working.,Replace the safety triangle before departure.,Borrow one only when needed.,Use cones instead of a triangle.,B,Carry the required warning triangle before operating.,0,1,0,Anda memeriksa kenderaan dan mendapati segi tiga amaran tiada.,Terus memandu jika lampu kecemasan berfungsi.,Gantikan segi tiga amaran sebelum memulakan perjalanan.,Pinjam satu hanya apabila diperlukan.,Gunakan kon sebagai ganti segi tiga amaran.,Bawa segi tiga amaran yang diperlukan sebelum mengendalikan kenderaan.,7
"During inspection, you check the engine system before departure.",Skip the check if the engine started normally.,Verify the engine system as part of the safety inspection.,Check only when warning lights appear.,Inspect the engine only during scheduled servicing.,B,Include engine system checks in daily safety inspections.,0.5,0,0.5,"Semasa pemeriksaan, anda memeriksa sistem enjin sebelum memulakan perjalanan.",Abaikan pemeriksaan jika enjin dapat dihidupkan seperti biasa.,Sahkan sistem enjin sebagai sebahagian daripada pemeriksaan keselamatan.,Periksa hanya apabila lampu amaran menyala.,Periksa enjin hanya semasa servis berjadual.,Periksa sistem enjin setiap hari sebagai sebahagian daripada pemeriksaan keselamatan.,7
You are starting and completing a delivery trip.,Record the meter reading only at the end of the trip.,Record the meter reading before and after the trip.,Record it only if fuel usage seems unusual.,Estimate the reading based on distance travelled.,B,Record meter readings before and after each trip.,0.5,0,0.5,Anda memulakan dan menamatkan satu perjalanan penghantaran.,Catat bacaan meter hanya pada akhir perjalanan.,Catat bacaan meter sebelum dan selepas perjalanan.,Catat hanya jika penggunaan bahan api kelihatan luar biasa.,Anggarkan bacaan berdasarkan jarak perjalanan.,Catat bacaan meter sebelum dan selepas setiap perjalanan.,7
"Before departure, you review the prime mover and trailer documents. One document has expired.",Proceed if the other documents are still valid.,Inform operations and do not operate until resolved.,Continue the trip and update after delivery.,Drive and renew the document at the next service.,B,Do not operate if required vehicle documents have expired and inform operations immediately.,0,1,0,"Sebelum memulakan perjalanan, anda menyemak dokumen kepala lori dan treler. Salah satu dokumen telah tamat tempoh.",Teruskan perjalanan jika dokumen lain masih sah.,Maklumkan bahagian operasi dan jangan beroperasi sehingga diselesaikan.,Teruskan perjalanan dan kemas kini selepas penghantaran selesai.,Memandu dahulu dan perbaharui dokumen pada servis seterusnya.,Jangan beroperasi jika dokumen kenderaan yang diperlukan telah tamat tempoh dan maklumkan kepada bahagian operasi segera.,7
"Before exiting the port, you compare the seal number with the gate pass.",Proceed if the seal is intact.,Confirm the seal number matches the document.,Check the number only at delivery point.,Ignore minor number differences.,B,Verify that the seal number matches the documented record.,0.5,0,0.5,"Sebelum keluar dari pelabuhan, anda membandingkan nombor seal dengan maklumat pada gate pass.",Teruskan perjalanan jika seal kelihatan baik.,Pastikan nombor seal sepadan dengan dokumen.,Semak nombor hanya apabila tiba di lokasi penghantaran.,Abaikan perbezaan kecil pada nombor.,Pastikan nombor seal sepadan dengan rekod dalam dokumen sebelum berlepas.,7
You collect a container from a customer premise and notice exterior damage.,Record it internally and inform operations.,Inform the customer and proceed.,Continue if the container is sealed.,Deliver first and update later.,A,Record and report container damage before movement.,0.5,0,0.5,Anda mengambil sebuah kontena dari premis pelanggan dan mendapati terdapat kerosakan pada bahagian luarnya.,Catat dalam rekod dalaman dan maklumkan bahagian operasi.,Maklumkan pelanggan dan teruskan perjalanan.,Teruskan jika kontena telah dimeterai.,Hantar dahulu dan kemas kini kemudian.,Rekodkan dan laporkan kerosakan kontena sebelum meneruskan perjalanan.,7
You are uncertain about the extent of container or cargo damage.,Proceed cautiously and monitor during transit.,Seek operations approval before movement.,Inform the customer and continue.,Move the container to a nearby safe area first.,B,Do not move the container without operations approval when damage is unclear.,0.5,0,0.5,Anda tidak pasti tahap kerosakan pada kontena atau muatan di dalamnya.,Teruskan perjalanan dengan berhati-hati dan pantau semasa perjalanan.,Dapatkan kelulusan daripada bahagian operasi sebelum bergerak.,Maklumkan kepada pelanggan dan teruskan perjalanan.,Alihkan kontena ke kawasan selamat berhampiran terlebih dahulu.,Jangan gerakkan kontena tanpa kelulusan bahagian operasi apabila tahap kerosakan tidak jelas.,7
"While driving, a member of the public provokes you aggressively.",React quickly to assert your position.,Remain calm and report the incident.,Stop and confront the person.,Follow the person to clarify the issue.,B,Avoid impulsive actions and report the incident appropriately.,0,0,1,"Semasa memandu, seorang orang awam bertindak agresif dan memprovokasi anda.",Bertindak segera untuk mempertahankan pendirian anda.,Kekal tenang dan laporkan kejadian tersebut.,Berhenti dan bersemuka dengan individu tersebut.,Ikut individu tersebut untuk menjelaskan keadaan.,Kekal tenang dan laporkan kejadian dengan cara yang sesuai.,7
"While driving on a highway, you notice smoke coming from the trailer.",Stop at a safe roadside area without blocking traffic.,Continue slowly to reach the nearest rest area.,Stop immediately in the current lane.,Park close to nearby buildings for assistance.,A,Stop in a safe open area that does not obstruct traffic.,0.5,0,0.5,"Semasa memandu di lebuh raya, anda mendapati asap keluar dari treler.",Berhenti di kawasan tepi jalan yang selamat tanpa menghalang trafik.,Teruskan memandu perlahan untuk sampai ke kawasan rehat terdekat.,Berhenti serta-merta di lorong semasa.,Parkir berhampiran bangunan untuk mendapatkan bantuan.,Berhenti di kawasan terbuka yang selamat dan tidak menghalang trafik.,7
"After an accident, operations asks about injuries.",Confirm injuries to yourself and others involved.,Say everyone seems fine without checking.,Wait for medical staff to assess first.,Report injuries after confirmed by hospital.,A,Provide accurate injury status information promptly.,0.5,0,0.5,"Selepas kemalangan, bahagian operasi bertanya tentang kecederaan.",Sahkan kecederaan kepada diri sendiri dan pihak yang terlibat.,Maklumkan semua kelihatan baik tanpa membuat pemeriksaan.,Tunggu petugas perubatan membuat penilaian terlebih dahulu.,Laporkan kecederaan selepas disahkan oleh pihak hospital.,Berikan maklumat status kecederaan dengan tepat dan segera.,7
You prepare to change lanes in steady traffic. Motorcycles filter between lanes and traffic slows near an exit.,Signal early and complete full mirror checks before moving,Signal as you move and rely on others to adjust,Check mirrors quickly and move when the lane looks clear,Wait for traffic to stabilise before signalling,A,Signal early and complete full checks before changing lanes.,0.75,0.25,,Anda bersedia untuk menukar lorong dalam trafik lancar. Motosikal bergerak di antara lorong dan trafik perlahan berhampiran susur keluar.,Beri isyarat awal dan periksa cermin sepenuhnya sebelum bergerak,Beri isyarat semasa bergerak dan harap pemandu lain menyesuaikan diri,Periksa cermin dengan cepat dan bergerak apabila lorong kelihatan jelas,Tunggu trafik stabil sebelum memberi isyarat,Beri isyarat awal dan lakukan pemeriksaan penuh sebelum menukar lorong.,8
You drive inside a depot with marked lanes. Equipment operates nearby and stacked loads restrict visibility.,Keep to the marked lane and slow until movement is clear,Adjust position to see past the equipment,Continue moving so you do not block equipment behind,Proceed as usual and rely on operators,A,Keep lane discipline and reduce speed near operating equipment.,0.75,0.25,,Anda memandu di dalam depot dengan lorong bertanda. Jentera beroperasi berhampiran dan susunan muatan menghadkan pandangan.,Kekalkan lorong bertanda dan perlahankan sehingga pergerakan jelas,Sesuaikan kedudukan untuk melihat melepasi jentera,Terus bergerak supaya tidak menghalang jentera di belakang,Teruskan seperti biasa dan bergantung pada pengendali jentera,Amalkan disiplin lorong dan kurangkan kelajuan berhampiran peralatan beroperasi.,8
"At a container terminal, lifting operations are in progress. Vehicles and personnel move nearby.",Keep clear of the lifting zone until the operation ends,Move closer to observe the lift and prepare to move,Wait nearby and approach when the container is almost down,Move forward carefully to avoid delaying trucks behind,A,Stay clear of lifting zones to avoid sudden movement and falling objects.,0.75,0.25,,"Di terminal kontena, operasi mengangkat kontena sedang dijalankan. Kenderaan dan pekerja bergerak berhampiran.",Jauhi zon pengangkatan sehingga operasi selesai,Bergerak lebih dekat untuk memerhati operasi pengangkatan dan bersedia bergerak,Tunggu berhampiran dan hampiri apabila kontena hampir diturunkan,Bergerak ke hadapan dengan berhati-hati supaya tidak melambatkan lori di belakang,Kekalkan jarak dari zon pengangkatan untuk elakkan pergerakan mengejut dan risiko objek jatuh.,8
"You approach an industrial access road. Surfaces are uneven, obstructions present, and visibility is reduced.",Reduce speed early and adjust your path for hazards,Maintain a cautious pace and react if conditions worsen,Proceed steadily while focusing on the access route,Follow the vehicle ahead navigating the area,A,Adjust early to surface and visibility risks to maintain control.,1,,,"Anda menghampiri laluan masuk kawasan industri. Permukaan jalan tidak rata, terdapat halangan, dan pandangan terhad.",Kurangkan kelajuan lebih awal dan sesuaikan laluan untuk elakkan bahaya,Kekalkan kelajuan berhati-hati dan bertindak jika keadaan bertambah buruk,Terus bergerak secara stabil sambil fokus pada laluan utama,Ikut kenderaan di hadapan yang melalui kawasan itu,Sesuaikan pemanduan lebih awal terhadap risiko permukaan dan pandangan untuk kekalkan kawalan kenderaan.,8
You prepare to park and deploy trailer landing legs on uneven ground.,Stop and ensure the ground is stable before deploying,Deploy slowly and monitor for sinking,Proceed as usual since the area is commonly used,Rely on visual checks and adjust if movement appears,A,Assess ground stability before deploying landing legs.,,0.5,0.5,Anda bersedia untuk parkir dan menurunkan kaki sokongan treler di permukaan tidak rata.,Berhenti dan pastikan permukaan stabil sebelum menurunkan kaki sokongan treler,Turunkan secara perlahan dan pantau jika berlaku mendapan,Teruskan seperti biasa kerana kawasan tersebut biasa digunakan,Bergantung pada pemeriksaan visual dan pelarasan jika pergerakan berlaku,Periksa kestabilan permukaan sebelum menurunkan kaki sokongan treler.,8
"At a container terminal, lifting operations are in progress and you enter a marked lifting zone without a safety helmet.",Put on the required PPE and remain clear of lifting,Stay where you are since equipment is not moving toward you,Move quickly through the area to minimise time,Wait for terminal staff instructions before addressing PPE,A,Wear required PPE and keep clear of lifting zones.,0.5,0.5,,"Di terminal kontena, operasi pengangkatan kontena sedang dijalankan dan anda memasuki zon pengangkatan tanpa topi keselamatan.",Pakai PPE yang diperlukan dan kekal jauh dari operasi loading,Kekal di tempat kerana jentera tidak bergerak ke arah anda,Bergerak cepat melalui kawasan itu untuk kurangkan masa,Tunggu arahan kakitangan terminal sebelum mengurus PPE,Pakai PPE yang diperlukan dan kekalkan jarak dari zon loading.,8
"While reversing to park, your phone receives a message.",Ignore the message and complete the manoeuvre,Pause and check the message before continuing,Continue reversing while glancing at the phone,Stop midway and respond to the message,A,Avoid device use during manoeuvres.,0.75,0.25,,"Semasa mengundur untuk parkir, telefon anda menerima mesej.",Abaikan mesej dan selesaikan manuver,Berhenti seketika dan periksa mesej sebelum meneruskan,Terus mengundur sambil melihat telefon,Berhenti di tengah dan balas mesej,Elakkan penggunaan telefon semasa manuver.,8
"After completing your trip, you notice a minor defect that developed during the drive.",Report the defect and ensure the vehicle is checked before reuse,Note the defect later since the trip is completed,Mention it informally to the next driver,Leave the vehicle available since it still operates,A,Report defects promptly to prevent risk in the next operation.,0.25,0.75,,"Selepas selesai perjalanan, anda mendapati kerosakan kecil berlaku semasa memandu.",Laporkan kerosakan dan pastikan kenderaan diperiksa sebelum digunakan semula,Catat kerosakan kemudian kerana perjalanan telah selesai,Beritahu secara tidak rasmi kepada pemandu seterusnya,Biarkan kenderaan digunakan kerana masih boleh beroperasi,Laporkan kerosakan dengan segera untuk mengelakkan risiko dalam operasi seterusnya.,8
"After a trip, you identify a minor defect before completing the handover documentation.",Record the defect accurately and submit the documentation,Submit the documentation first and update the defect record later,Delay recording the defect until the next scheduled inspection,Note the defect informally and proceed with documentation,A,Defects must be formally recorded to ensure proper documentation and accountability.,,0.75,0.25,"Selepas tamat perjalanan, anda mengesan kerosakan kecil sebelum melengkapkan dokumentasi serahan kenderaan.",Rekodkan kerosakan dengan tepat dan serahkan dokumentasi,Serahkan dokumentasi dahulu dan kemas kini rekod kerosakan kemudian,Tangguhkan merekod kerosakan sehingga pemeriksaan seterusnya,Catat kerosakan secara tidak rasmi dan teruskan dokumentasi,kerosakan mesti direkod secara rasmi untuk memastikan dokumentasi dan akauntabiliti yang betul.,8
"While moving on a wet, uneven surface, you notice abnormal vibration and reduced vehicle response.",Maintain steady movement to avoid wheel slip,Stop and assess before continuing,Adjust speed slightly and continue through the area,Complete the movement and report the issue later,B,Pause to assess mechanical signals under challenging surface conditions.,0.75,0.25,,"Semasa bergerak di permukaan basah dan tidak rata, anda merasakan getaran tidak normal dan tindak balas kenderaan berkurang.",Kekalkan pergerakan stabil untuk elakkan gelinciran tayar,Berhenti dan periksa sebelum meneruskan,Laraskan kelajuan sedikit dan teruskan melalui kawasan itu,Selesaikan pergerakan dan laporkan masalah kemudian,Berhenti dan periksa isu mekanikal dalam keadaan permukaan yang mencabar.,8
"While parked inside a site, an emergency alarm sounds and evacuation routes must be kept clear.",Remain in the cabin and wait for instructions,Secure cabin items and clear the evacuation path immediately,Leave the vehicle as it is and exit quickly,Move the vehicle slightly to create more space,B,Secure loose items and clear evacuation routes immediately.,0.25,0.5,0.25,"Semasa parkir di dalam tapak, penggera kecemasan berbunyi dan laluan keluar mesti dikekalkan bebas halangan.",Kekal di dalam kabin dan tunggu arahan,Pastikan barang dalam kabin tidak bergerak dan kosongkan laluan keluar segera,Tinggalkan kenderaan seperti sedia ada dan keluar dengan cepat,Gerakkan kenderaan sedikit untuk beri lebih ruang,Pastikan barang tidak bergerak dan kekalkan laluan keluar jelas dengan segera.,8
"During a delivery, a customer follows cultural practices unfamiliar to you.",Acknowledge the practice and respond respectfully,Continue the task without engaging further,Question the practice to clarify expectations,Follow your usual approach and proceed,A,Respecting cultural differences helps maintain positive and professional interactions.,,,1,"Semasa membuat penghantaran, seorang pelanggan mengikut amalan budaya yang tidak biasa bagi anda.",Hormati amalan tersebut dan beri respons dengan sesuai,Teruskan tugas tanpa melibatkan diri,Persoalkan amalan itu untuk jelaskan jangkaan,Ikut cara biasa anda dan teruskan,Menghormati perbezaan budaya membantu kekalkan interaksi yang profesional dan baik.,8
"During unloading, site staff suggest recording different details on the delivery documents to save time.",Record the actual details accurately,Adjust the details slightly so unloading can finish smoothly,Note the change later to keep the paperwork acceptable,Leave the documents for someone else to complete,A,Recording accurate details supports accountability and prevents issues later.,,0.25,0.75,"Semasa proses memunggah, kakitangan tapak mencadangkan supaya butiran pada dokumen penghantaran direkod berbeza untuk jimat masa.",Catat butiran yang sebenarnya dengan tepat,Ubah sedikit butiran supaya proses memunggah selesai dengan lancar,Catat perubahan kemudian supaya dokumen masih kelihatan boleh diterima,Biarkan dokumen untuk disiapkan oleh orang lain,Merekod butiran dengan tepat membantu pastikan tanggungjawab jelas dan elakkan masalah pada masa akan datang.,8
"During a delivery, a cultural misunderstanding causes tension between you and the customer.",Acknowledge the concern respectfully and respond calmly,Explain your intentions in detail to clear the misunderstanding,Step back from the discussion to prevent further discomfort,Defend your position to avoid being seen as disrespectful,A,Respectful acknowledgement and calm response help ease tension caused by misunderstandings.,,,1,"Semasa penghantaran, berlaku salah faham berkaitan budaya yang menyebabkan ketegangan antara anda dan pelanggan.",Ambil maklum dengan hormat dan beri respons dengan tenang,Terangkan niat anda dengan terperinci untuk jelaskan salah faham,Undur diri daripada perbincangan untuk elak keadaan menjadi lebih tidak selesa,Pertahankan pendirian supaya tidak dianggap tidak hormat,Pengakuan yang hormat dan respons yang tenang membantu redakan ketegangan akibat salah faham.,8
You are holding your lane in slow traffic when another driver begins tailgating and sounding the horn.,Maintain your lane position and avoid reacting to the behaviour,Shift position slightly to signal cooperation and reduce tension,Change lanes quickly to get away from the situation,Gesture briefly to show you have noticed the other driver,A,Holding lane discipline and not reacting helps prevent aggressive situations from escalating.,0.5,,0.5,Anda mengekalkan lorong dalam trafik perlahan apabila pemandu di belakang mula mengekori rapat dan membunyikan hon.,Kekalkan kedudukan lorong dan elakkan memberi respons,Ubah sedikit kedudukan untuk menunjukkan kerjasama dan mengurangkan ketegangan,Tukar lorong dengan cepat untuk menjauhkan diri daripada situasi,Buat isyarat ringkas untuk menunjukkan anda sedar akan kehadirannya,Mengekalkan disiplin lorong dan tidak bertindak balas membantu mengelakkan situasi agresif daripada menjadi lebih tegang.,8
"You spot debris ahead and slow early, while vehicles behind continue approaching at speed.",Ease off smoothly and press brakes smoothly to warn others,Maintain speed to avoid confusing traffic behind,Brake later so following vehicles react together,Slow suddenly once the debris is closer,A,Early slowing with clear signals helps other drivers adjust safely to hazards ahead.,0.5,0.25,0.25,"Anda terlihat objek di atas jalan di hadapan lalu memperlahankan kenderaan lebih awal, sementara kenderaan di belakang masih menghampiri dengan laju.",Perlahankan kenderaan secara beransur supaya lampu brek memberi amaran kepada kenderaan belakang,Kekalkan kelajuan supaya tidak mengelirukan trafik di belakang,Brek kemudian supaya kenderaan belakang bertindak serentak,Perlahankan kenderaan secara mengejut apabila objek semakin hampir,Memperlahankan kenderaan lebih awal membantu memberi amaran awal kepada pemandu lain dan membolehkan mereka menyesuaikan diri dengan selamat.,8
You have been on duty for 10 hours and are asked to continue working.,Continue if the remaining task is short.,Stop working after reaching the 10-hour limit.,Work another hour and rest later.,Continue if traffic conditions are light.,B,Adhere to the maximum daily working hour limit.,0.5,0.5,,Anda telah bertugas selama 10 jam dan diminta untuk terus bekerja.,Teruskan jika baki tugasan adalah singkat.,Hentikan kerja selepas mencapai had 10 jam.,Bekerja satu jam lagi dan berehat kemudian.,Teruskan jika keadaan trafik ringan.,Patuhi had maksimum waktu kerja harian.,8
"While driving, you notice the sun shade and stickers on the windscreen reduce your side visibility.",Continue driving carefully despite reduced visibility.,Stop at a safe location and remove or adjust the obstruction.,Reduce speed and rely more on mirrors.,Adjust your lane position to compensate for the blind area.,B,Ensure full visibility before continuing to drive safely.,1,0,0,"Semasa memandu, anda mendapati pelindung matahari dan pelekat pada cermin hadapan mengurangkan penglihatan sisi.",Terus memandu dengan berhati-hati walaupun penglihatan terhad.,Berhenti di lokasi yang selamat dan tanggalkan/laraskan halangan tersebut.,Kurangkan kelajuan dan lebih bergantung pada cermin sisi.,Laraskan kedudukan lorong untuk mengimbangi kawasan yang terhalang.,Pastikan penglihatan jelas sepenuhnya sebelum meneruskan pemanduan.,8
Your goods vehicle is experiencing failure on a highway and assistance has arrived.,Leave the vehicle where it stopped since help is present.,Move the vehicle to a safer location when possible.,Wait until traffic reduces before relocating.,Relocate only if other drivers signal it is safe.,B,Relocate the vehicle to minimise continued traffic exposure.,0.5,0,0.5,Kenderaan barangan anda mengalami kerosakan di lebuh raya dan bantuan telah tiba.,Biarkan kenderaan di tempat ia berhenti kerana bantuan telah tiba.,Alihkan kenderaan ke lokasi yang lebih selamat jika keadaan mengizinkan.,Tunggu sehingga trafik berkurangan sebelum mengalihkan kenderaan.,Alihkan hanya jika pemandu lain memberi isyarat selamat.,Alihkan kenderaan ke lokasi lebih selamat untuk mengurangkan pendedahan berterusan kepada trafik.,8
You find that the first aid kit is incomplete.,Continue if no emergency is expected.,Replenish the first aid kit before operating.,Rely on site facilities if needed.,Inform later after completing the trip.,B,Maintain a complete and ready first aid kit at all times.,0,1,0,Anda mendapati kit pertolongan cemas tidak lengkap.,Teruskan perjalanan jika tiada kecemasan dijangka berlaku.,Lengkapkan kit pertolongan cemas sebelum mengendalikan kenderaan.,Bergantung kepada kemudahan di lokasi jika perlu.,Maklumkan kemudian selepas menamatkan perjalanan.,Pastikan kit pertolongan cemas sentiasa lengkap dan sedia digunakan pada setiap masa.,8
"Before departure, you conduct a safety inspection.",Focus only on tyres since they wear faster.,"Check brakes, tyres, steering, and vehicle lights.",Inspect brakes only if carrying heavy cargo.,Check lights after beginning the journey.,B,Inspect all critical control and lighting systems before driving.,0.5,0,0.5,"Sebelum memulakan perjalanan, anda menjalankan pemeriksaan keselamatan.",Periksa tayar sahaja kerana ia lebih cepat haus.,"Periksa brek, tayar, stereng dan lampu kenderaan.",Periksa brek hanya jika membawa muatan berat.,Periksa lampu selepas memulakan perjalanan.,Periksa semua sistem kawalan dan lampu sebelum memandu.,8
Your driving document will expire in three weeks.,Renew it two weeks before expiry.,Renew it on your next off day.,Renew it when you have free time.,Renew it during the expiry week.,A,Renew required documents at least two weeks before expiry.,0,1,0,Dokumen pemanduan anda akan tamat tempoh dalam tiga minggu.,Perbaharui dua minggu sebelum tamat tempoh.,Perbaharui pada hari cuti anda yang seterusnya.,Perbaharui apabila ada masa lapang.,Perbaharui pada minggu tamat tempoh.,Perbaharui dokumen yang diperlukan sekurang-kurangnya dua minggu sebelum tamat tempoh.,8
"After completing your assignment, you are returning the vehicle.",Park the truck at any available space nearby.,Park the truck at the company's designated area.,Leave the truck where it is most convenient.,Park outside temporarily and inform later.,B,Park company vehicles only at approved locations.,0.5,0,0.5,"Selepas menamatkan tugasan, anda hendak memulangkan kenderaan.",Parkir lori di mana-mana ruang yang tersedia berhampiran.,Parkir lori di kawasan yang ditetapkan oleh syarikat.,Tinggalkan lori di tempat yang paling mudah.,Parkir di luar buat sementara dan maklumkan kemudian.,Parkir kenderaan syarikat hanya di lokasi yang diluluskan.,8
"You review the container number, type, and size against the gate pass and delivery note.",Proceed if the container looks correct.,Confirm all container details match the documents.,Check only the container number.,Deliver first and update discrepancies later.,B,Ensure all container details match the official documents.,0.5,0,0.5,"Anda menyemak nombor kontena, jenis dan saiz dengan membandingkannya kepada gate pass dan nota penghantaran.",Teruskan jika kontena kelihatan betul.,Pastikan semua butiran kontena sepadan dengan dokumen.,Periksa nombor kontena sahaja.,Hantar dahulu dan kemas kini perbezaan kemudian.,Pastikan semua butiran kontena sepadan dengan dokumen rasmi sebelum berlepas.,8
You collect a reefer container and observe a worn power cable.,Record it internally and inform operations.,Secure the cable and continue.,Inform operations after delivery.,Proceed if cooling is active.,A,Document and report equipment defects before departure.,0.5,0,0.5,Anda mengambil kontena berpendingin dari premis pelanggan dan mendapati terdapat kerosakan pada bahagian luar.,Catat dalam rekod dalaman dan maklumkan bahagian operasi.,Amankan kabel dan teruskan perjalanan.,Maklumkan kepada bahagian operasi selepas penghantaran selesai.,Teruskan perjalanan jika sistem penyejukan masih berfungsi.,Rekodkan dan laporkan kerosakan kontena sebelum meneruskan pergerakan.,8
You arrive at the customer site to position the container.,Position it at the nearest available space.,Obtain customer approval before positioning.,Follow previous delivery practice.,Place it where it is easiest to exit.,B,Obtain customer approval before positioning the container.,0,0,1,Anda tiba di tapak pelanggan untuk meletakkan kontena.,Letakkan di ruang terdekat yang tersedia.,Dapatkan kelulusan pelanggan sebelum meletakkan kontena.,Ikut amalan penghantaran sebelum ini.,Letakkan di tempat yang paling mudah untuk keluar.,Dapatkan kelulusan pelanggan sebelum meletakkan kontena.,8
A roadside altercation with a member of the public escalates and feels unsafe.,Handle the matter personally.,Go to the nearest police station and report.,Ignore it and continue driving.,Confront the individual to settle it.,B,Seek police assistance when safety is threatened.,0,0,1,Berlaku pertelingkahan di tepi jalan dengan orang awam dan keadaan menjadi tidak selamat.,Uruskan sendiri situasi tersebut.,Pergi ke balai polis terdekat dan buat laporan.,Abaikan dan teruskan pemanduan.,Bersemuka untuk menyelesaikan isu.,Dapatkan bantuan polis apabila keselamatan terancam.,8
"While stopped due to a fire on the trailer, flames are visible near the rear section.",Separate the prime mover from the trailer if safe.,Keep the unit connected to maintain stability.,Move the vehicle slightly before taking action.,Wait to confirm the exact fire source.,A,Separate units when safe to reduce fire spread.,0.5,0,0.5,"Semasa berhenti akibat kebakaran pada treler, api kelihatan di bahagian belakang.",Pisahkan kepala lori daripada treler jika keadaan selamat.,Kekalkan sambungan untuk mengekalkan kestabilan.,Gerakkan kenderaan sedikit sebelum mengambil tindakan.,Tunggu untuk mengesahkan punca kebakaran.,Pisahkan unit jika keadaan selamat untuk mengurangkan risiko api merebak.,8
"After a collision, operations asks whether the vehicle can be moved.",Inform whether the vehicle can be moved or is blocking traffic.,Move the vehicle without informing anyone.,Leave it as it is and end the call.,Decide later after completing documentation.,A,Inform operations about vehicle condition and obstruction status.,0.5,0,0.5,"Selepas pelanggaran, bahagian operasi bertanya sama ada kenderaan boleh dialihkan.",Maklumkan sama ada kenderaan boleh dialihkan atau sedang menghalang trafik.,Alihkan kenderaan tanpa memaklumkan kepada sesiapa.,Biarkan sahaja dan tamatkan panggilan.,Buat keputusan kemudian selepas melengkapkan dokumen.,Maklumkan keadaan kenderaan dan sama ada ia menghalang trafik.,8
